row_index,row_id,arm_id,dataset,seed,job_id,chain,dependency,gate_job
0,E9_100m_dclm_m0_99942400_seed2479_a0_silu_adamw,A0,dclm,2479,834760,0,afterok:834754,834754
1,E9_100m_dclm_m0_99942400_seed2479_a5_rlb_matrixpolicy_no_role_depth,A5,dclm,2479,834761,1,afterok:834754,834754
2,E9_100m_dclm_m0_99942400_seed2479_a1_rlb_adamw,A1,dclm,2479,834762,0,"afterok:834754,afterany:834760",834754
3,E9_100m_dclm_m0_99942400_seed2479_a3_rlb_matrixpolicy_full,A3,dclm,2479,834763,1,"afterok:834754,afterany:834761",834754
4,E9_100m_dclm_m0_99942400_seed2479_a4_rlb_matrixpolicy_no_group_gate,A4,dclm,2479,834764,0,"afterok:834754,afterany:834762",834754
5,E9_100m_dclm_m0_99942400_seed2479_a8_rlb_matrixpolicy_no_pair_rescale,A8,dclm,2479,834765,1,"afterok:834754,afterany:834763",834754
6,E9_100m_dclm_m0_99942400_seed2479_a2_rlb_matrixpolicy_static_shell,A2,dclm,2479,834766,0,"afterok:834754,afterany:834764",834754
7,E9_100m_dclm_m0_99942400_seed2479_a6_rlb_matrixpolicy_muon_branch_suppressed,A6,dclm,2479,834767,1,"afterok:834754,afterany:834765",834754
8,E9_100m_dclm_m0_99942400_seed2479_a7_rlb_matrixpolicy_no_role_depth_muon_branch_suppressed,A7,dclm,2479,834768,0,"afterok:834754,afterany:834766",834754
9,E9_100m_dclm_m0_99942400_seed2479_a9_rlb_matrixpolicy_no_role_depth_muon_block,A9,dclm,2479,834769,1,"afterok:834754,afterany:834767",834754
10,E9_100m_dclm_m0_99942400_seed5052_a2_rlb_matrixpolicy_static_shell,A2,dclm,5052,834770,0,"afterok:834754,afterany:834768",834754
11,E9_100m_dclm_m0_99942400_seed5052_a6_rlb_matrixpolicy_muon_branch_suppressed,A6,dclm,5052,834771,1,"afterok:834754,afterany:834769",834754
12,E9_100m_dclm_m0_99942400_seed5052_a7_rlb_matrixpolicy_no_role_depth_muon_branch_suppressed,A7,dclm,5052,834772,0,"afterok:834754,afterany:834770",834754
13,E9_100m_dclm_m0_99942400_seed5052_a9_rlb_matrixpolicy_no_role_depth_muon_block,A9,dclm,5052,834773,1,"afterok:834754,afterany:834771",834754
14,E9_100m_dclm_m0_99942400_seed5052_a0_silu_adamw,A0,dclm,5052,834774,0,"afterok:834754,afterany:834772",834754
15,E9_100m_dclm_m0_99942400_seed5052_a5_rlb_matrixpolicy_no_role_depth,A5,dclm,5052,834775,1,"afterok:834754,afterany:834773",834754
16,E9_100m_dclm_m0_99942400_seed5052_a1_rlb_adamw,A1,dclm,5052,834776,0,"afterok:834754,afterany:834774",834754
17,E9_100m_dclm_m0_99942400_seed5052_a3_rlb_matrixpolicy_full,A3,dclm,5052,834777,1,"afterok:834754,afterany:834775",834754
18,E9_100m_dclm_m0_99942400_seed5052_a4_rlb_matrixpolicy_no_group_gate,A4,dclm,5052,834778,0,"afterok:834754,afterany:834776",834754
19,E9_100m_dclm_m0_99942400_seed5052_a8_rlb_matrixpolicy_no_pair_rescale,A8,dclm,5052,834779,1,"afterok:834754,afterany:834777",834754
20,E9_100m_dclm_m0_99942400_seed8913_a4_rlb_matrixpolicy_no_group_gate,A4,dclm,8913,834780,0,"afterok:834754,afterany:834778",834754
21,E9_100m_dclm_m0_99942400_seed8913_a8_rlb_matrixpolicy_no_pair_rescale,A8,dclm,8913,834781,1,"afterok:834754,afterany:834779",834754
22,E9_100m_dclm_m0_99942400_seed8913_a2_rlb_matrixpolicy_static_shell,A2,dclm,8913,834782,0,"afterok:834754,afterany:834780",834754
23,E9_100m_dclm_m0_99942400_seed8913_a6_rlb_matrixpolicy_muon_branch_suppressed,A6,dclm,8913,834783,1,"afterok:834754,afterany:834781",834754
24,E9_100m_dclm_m0_99942400_seed8913_a7_rlb_matrixpolicy_no_role_depth_muon_branch_suppressed,A7,dclm,8913,834784,0,"afterok:834754,afterany:834782",834754
25,E9_100m_dclm_m0_99942400_seed8913_a9_rlb_matrixpolicy_no_role_depth_muon_block,A9,dclm,8913,834785,1,"afterok:834754,afterany:834783",834754
26,E9_100m_dclm_m0_99942400_seed8913_a0_silu_adamw,A0,dclm,8913,834786,0,"afterok:834754,afterany:834784",834754
27,E9_100m_dclm_m0_99942400_seed8913_a5_rlb_matrixpolicy_no_role_depth,A5,dclm,8913,834787,1,"afterok:834754,afterany:834785",834754
28,E9_100m_dclm_m0_99942400_seed8913_a1_rlb_adamw,A1,dclm,8913,834788,0,"afterok:834754,afterany:834786",834754
29,E9_100m_dclm_m0_99942400_seed8913_a3_rlb_matrixpolicy_full,A3,dclm,8913,834789,1,"afterok:834754,afterany:834787",834754
30,E9_100m_fineweb_edu_m0_99942400_seed2479_a6_rlb_matrixpolicy_muon_branch_suppressed,A6,fineweb_edu,2479,834790,0,"afterok:834754,afterany:834788",834754
31,E9_100m_fineweb_edu_m0_99942400_seed2479_a7_rlb_matrixpolicy_no_role_depth_muon_branch_suppressed,A7,fineweb_edu,2479,834791,1,"afterok:834754,afterany:834789",834754
32,E9_100m_fineweb_edu_m0_99942400_seed2479_a9_rlb_matrixpolicy_no_role_depth_muon_block,A9,fineweb_edu,2479,834792,0,"afterok:834754,afterany:834790",834754
33,E9_100m_fineweb_edu_m0_99942400_seed2479_a0_silu_adamw,A0,fineweb_edu,2479,834793,1,"afterok:834754,afterany:834791",834754
34,E9_100m_fineweb_edu_m0_99942400_seed2479_a5_rlb_matrixpolicy_no_role_depth,A5,fineweb_edu,2479,834794,0,"afterok:834754,afterany:834792",834754
35,E9_100m_fineweb_edu_m0_99942400_seed2479_a1_rlb_adamw,A1,fineweb_edu,2479,834795,1,"afterok:834754,afterany:834793",834754
36,E9_100m_fineweb_edu_m0_99942400_seed2479_a3_rlb_matrixpolicy_full,A3,fineweb_edu,2479,834796,0,"afterok:834754,afterany:834794",834754
37,E9_100m_fineweb_edu_m0_99942400_seed2479_a4_rlb_matrixpolicy_no_group_gate,A4,fineweb_edu,2479,834797,1,"afterok:834754,afterany:834795",834754
38,E9_100m_fineweb_edu_m0_99942400_seed2479_a8_rlb_matrixpolicy_no_pair_rescale,A8,fineweb_edu,2479,834798,0,"afterok:834754,afterany:834796",834754
39,E9_100m_fineweb_edu_m0_99942400_seed2479_a2_rlb_matrixpolicy_static_shell,A2,fineweb_edu,2479,834799,1,"afterok:834754,afterany:834797",834754
40,E9_100m_fineweb_edu_m0_99942400_seed5052_a5_rlb_matrixpolicy_no_role_depth,A5,fineweb_edu,5052,834800,0,"afterok:834754,afterany:834798",834754
41,E9_100m_fineweb_edu_m0_99942400_seed5052_a1_rlb_adamw,A1,fineweb_edu,5052,834801,1,"afterok:834754,afterany:834799",834754
42,E9_100m_fineweb_edu_m0_99942400_seed5052_a3_rlb_matrixpolicy_full,A3,fineweb_edu,5052,834802,0,"afterok:834754,afterany:834800",834754
43,E9_100m_fineweb_edu_m0_99942400_seed5052_a4_rlb_matrixpolicy_no_group_gate,A4,fineweb_edu,5052,834803,1,"afterok:834754,afterany:834801",834754
44,E9_100m_fineweb_edu_m0_99942400_seed5052_a8_rlb_matrixpolicy_no_pair_rescale,A8,fineweb_edu,5052,834804,0,"afterok:834754,afterany:834802",834754
45,E9_100m_fineweb_edu_m0_99942400_seed5052_a2_rlb_matrixpolicy_static_shell,A2,fineweb_edu,5052,834805,1,"afterok:834754,afterany:834803",834754
46,E9_100m_fineweb_edu_m0_99942400_seed5052_a6_rlb_matrixpolicy_muon_branch_suppressed,A6,fineweb_edu,5052,834806,0,"afterok:834754,afterany:834804",834754
47,E9_100m_fineweb_edu_m0_99942400_seed5052_a7_rlb_matrixpolicy_no_role_depth_muon_branch_suppressed,A7,fineweb_edu,5052,834807,1,"afterok:834754,afterany:834805",834754
48,E9_100m_fineweb_edu_m0_99942400_seed5052_a9_rlb_matrixpolicy_no_role_depth_muon_block,A9,fineweb_edu,5052,834808,0,"afterok:834754,afterany:834806",834754
49,E9_100m_fineweb_edu_m0_99942400_seed5052_a0_silu_adamw,A0,fineweb_edu,5052,834809,1,"afterok:834754,afterany:834807",834754
50,E9_100m_fineweb_edu_m0_99942400_seed8913_a1_rlb_adamw,A1,fineweb_edu,8913,834810,0,"afterok:834754,afterany:834808",834754
51,E9_100m_fineweb_edu_m0_99942400_seed8913_a3_rlb_matrixpolicy_full,A3,fineweb_edu,8913,834811,1,"afterok:834754,afterany:834809",834754
52,E9_100m_fineweb_edu_m0_99942400_seed8913_a4_rlb_matrixpolicy_no_group_gate,A4,fineweb_edu,8913,834812,0,"afterok:834754,afterany:834810",834754
53,E9_100m_fineweb_edu_m0_99942400_seed8913_a8_rlb_matrixpolicy_no_pair_rescale,A8,fineweb_edu,8913,834813,1,"afterok:834754,afterany:834811",834754
54,E9_100m_fineweb_edu_m0_99942400_seed8913_a2_rlb_matrixpolicy_static_shell,A2,fineweb_edu,8913,834814,0,"afterok:834754,afterany:834812",834754
55,E9_100m_fineweb_edu_m0_99942400_seed8913_a6_rlb_matrixpolicy_muon_branch_suppressed,A6,fineweb_edu,8913,834815,1,"afterok:834754,afterany:834813",834754
56,E9_100m_fineweb_edu_m0_99942400_seed8913_a7_rlb_matrixpolicy_no_role_depth_muon_branch_suppressed,A7,fineweb_edu,8913,834816,0,"afterok:834754,afterany:834814",834754
57,E9_100m_fineweb_edu_m0_99942400_seed8913_a9_rlb_matrixpolicy_no_role_depth_muon_block,A9,fineweb_edu,8913,834817,1,"afterok:834754,afterany:834815",834754
58,E9_100m_fineweb_edu_m0_99942400_seed8913_a0_silu_adamw,A0,fineweb_edu,8913,834818,0,"afterok:834754,afterany:834816",834754
59,E9_100m_fineweb_edu_m0_99942400_seed8913_a5_rlb_matrixpolicy_no_role_depth,A5,fineweb_edu,8913,834819,1,"afterok:834754,afterany:834817",834754
60,E9_100m_fineweb_m0_99942400_seed2479_a9_rlb_matrixpolicy_no_role_depth_muon_block,A9,fineweb,2479,834820,0,"afterok:834754,afterany:834818",834754
61,E9_100m_fineweb_m0_99942400_seed2479_a0_silu_adamw,A0,fineweb,2479,834821,1,"afterok:834754,afterany:834819",834754
62,E9_100m_fineweb_m0_99942400_seed2479_a5_rlb_matrixpolicy_no_role_depth,A5,fineweb,2479,834822,0,"afterok:834754,afterany:834820",834754
63,E9_100m_fineweb_m0_99942400_seed2479_a1_rlb_adamw,A1,fineweb,2479,834823,1,"afterok:834754,afterany:834821",834754
64,E9_100m_fineweb_m0_99942400_seed2479_a3_rlb_matrixpolicy_full,A3,fineweb,2479,834824,0,"afterok:834754,afterany:834822",834754
65,E9_100m_fineweb_m0_99942400_seed2479_a4_rlb_matrixpolicy_no_group_gate,A4,fineweb,2479,834825,1,"afterok:834754,afterany:834823",834754
66,E9_100m_fineweb_m0_99942400_seed2479_a8_rlb_matrixpolicy_no_pair_rescale,A8,fineweb,2479,834826,0,"afterok:834754,afterany:834824",834754
67,E9_100m_fineweb_m0_99942400_seed2479_a2_rlb_matrixpolicy_static_shell,A2,fineweb,2479,834827,1,"afterok:834754,afterany:834825",834754
68,E9_100m_fineweb_m0_99942400_seed2479_a6_rlb_matrixpolicy_muon_branch_suppressed,A6,fineweb,2479,834828,0,"afterok:834754,afterany:834826",834754
69,E9_100m_fineweb_m0_99942400_seed2479_a7_rlb_matrixpolicy_no_role_depth_muon_branch_suppressed,A7,fineweb,2479,834829,1,"afterok:834754,afterany:834827",834754
70,E9_100m_fineweb_m0_99942400_seed5052_a7_rlb_matrixpolicy_no_role_depth_muon_branch_suppressed,A7,fineweb,5052,834830,0,"afterok:834754,afterany:834828",834754
71,E9_100m_fineweb_m0_99942400_seed5052_a9_rlb_matrixpolicy_no_role_depth_muon_block,A9,fineweb,5052,834831,1,"afterok:834754,afterany:834829",834754
72,E9_100m_fineweb_m0_99942400_seed5052_a0_silu_adamw,A0,fineweb,5052,834832,0,"afterok:834754,afterany:834830",834754
73,E9_100m_fineweb_m0_99942400_seed5052_a5_rlb_matrixpolicy_no_role_depth,A5,fineweb,5052,834833,1,"afterok:834754,afterany:834831",834754
74,E9_100m_fineweb_m0_99942400_seed5052_a1_rlb_adamw,A1,fineweb,5052,834834,0,"afterok:834754,afterany:834832",834754
75,E9_100m_fineweb_m0_99942400_seed5052_a3_rlb_matrixpolicy_full,A3,fineweb,5052,834835,1,"afterok:834754,afterany:834833",834754
76,E9_100m_fineweb_m0_99942400_seed5052_a4_rlb_matrixpolicy_no_group_gate,A4,fineweb,5052,834836,0,"afterok:834754,afterany:834834",834754
77,E9_100m_fineweb_m0_99942400_seed5052_a8_rlb_matrixpolicy_no_pair_rescale,A8,fineweb,5052,834837,1,"afterok:834754,afterany:834835",834754
78,E9_100m_fineweb_m0_99942400_seed5052_a2_rlb_matrixpolicy_static_shell,A2,fineweb,5052,834838,0,"afterok:834754,afterany:834836",834754
79,E9_100m_fineweb_m0_99942400_seed5052_a6_rlb_matrixpolicy_muon_branch_suppressed,A6,fineweb,5052,834839,1,"afterok:834754,afterany:834837",834754
80,E9_100m_fineweb_m0_99942400_seed8913_a8_rlb_matrixpolicy_no_pair_rescale,A8,fineweb,8913,834840,0,"afterok:834754,afterany:834838",834754
81,E9_100m_fineweb_m0_99942400_seed8913_a2_rlb_matrixpolicy_static_shell,A2,fineweb,8913,834841,1,"afterok:834754,afterany:834839",834754
82,E9_100m_fineweb_m0_99942400_seed8913_a6_rlb_matrixpolicy_muon_branch_suppressed,A6,fineweb,8913,834842,0,"afterok:834754,afterany:834840",834754
83,E9_100m_fineweb_m0_99942400_seed8913_a7_rlb_matrixpolicy_no_role_depth_muon_branch_suppressed,A7,fineweb,8913,834843,1,"afterok:834754,afterany:834841",834754
84,E9_100m_fineweb_m0_99942400_seed8913_a9_rlb_matrixpolicy_no_role_depth_muon_block,A9,fineweb,8913,834844,0,"afterok:834754,afterany:834842",834754
85,E9_100m_fineweb_m0_99942400_seed8913_a0_silu_adamw,A0,fineweb,8913,834845,1,"afterok:834754,afterany:834843",834754
86,E9_100m_fineweb_m0_99942400_seed8913_a5_rlb_matrixpolicy_no_role_depth,A5,fineweb,8913,834846,0,"afterok:834754,afterany:834844",834754
87,E9_100m_fineweb_m0_99942400_seed8913_a1_rlb_adamw,A1,fineweb,8913,834847,1,"afterok:834754,afterany:834845",834754
88,E9_100m_fineweb_m0_99942400_seed8913_a3_rlb_matrixpolicy_full,A3,fineweb,8913,834848,0,"afterok:834754,afterany:834846",834754
89,E9_100m_fineweb_m0_99942400_seed8913_a4_rlb_matrixpolicy_no_group_gate,A4,fineweb,8913,834849,1,"afterok:834754,afterany:834847",834754
90,E9_100m_dolma_sample_m0_99942400_seed2479_a3_rlb_matrixpolicy_full,A3,dolma_sample,2479,834850,0,"afterok:834754,afterany:834848",834754
91,E9_100m_dolma_sample_m0_99942400_seed2479_a4_rlb_matrixpolicy_no_group_gate,A4,dolma_sample,2479,834851,1,"afterok:834754,afterany:834849",834754
92,E9_100m_dolma_sample_m0_99942400_seed2479_a8_rlb_matrixpolicy_no_pair_rescale,A8,dolma_sample,2479,834852,0,"afterok:834754,afterany:834850",834754
93,E9_100m_dolma_sample_m0_99942400_seed2479_a2_rlb_matrixpolicy_static_shell,A2,dolma_sample,2479,834853,1,"afterok:834754,afterany:834851",834754
94,E9_100m_dolma_sample_m0_99942400_seed2479_a6_rlb_matrixpolicy_muon_branch_suppressed,A6,dolma_sample,2479,834854,0,"afterok:834754,afterany:834852",834754
95,E9_100m_dolma_sample_m0_99942400_seed2479_a7_rlb_matrixpolicy_no_role_depth_muon_branch_suppressed,A7,dolma_sample,2479,834855,1,"afterok:834754,afterany:834853",834754
96,E9_100m_dolma_sample_m0_99942400_seed2479_a9_rlb_matrixpolicy_no_role_depth_muon_block,A9,dolma_sample,2479,834856,0,"afterok:834754,afterany:834854",834754
97,E9_100m_dolma_sample_m0_99942400_seed2479_a0_silu_adamw,A0,dolma_sample,2479,834857,1,"afterok:834754,afterany:834855",834754
98,E9_100m_dolma_sample_m0_99942400_seed2479_a5_rlb_matrixpolicy_no_role_depth,A5,dolma_sample,2479,834858,0,"afterok:834754,afterany:834856",834754
99,E9_100m_dolma_sample_m0_99942400_seed2479_a1_rlb_adamw,A1,dolma_sample,2479,834859,1,"afterok:834754,afterany:834857",834754
100,E9_100m_dolma_sample_m0_99942400_seed5052_a1_rlb_adamw,A1,dolma_sample,5052,834860,0,"afterok:834754,afterany:834858",834754
101,E9_100m_dolma_sample_m0_99942400_seed5052_a3_rlb_matrixpolicy_full,A3,dolma_sample,5052,834861,1,"afterok:834754,afterany:834859",834754
102,E9_100m_dolma_sample_m0_99942400_seed5052_a4_rlb_matrixpolicy_no_group_gate,A4,dolma_sample,5052,834862,0,"afterok:834754,afterany:834860",834754
103,E9_100m_dolma_sample_m0_99942400_seed5052_a8_rlb_matrixpolicy_no_pair_rescale,A8,dolma_sample,5052,834863,1,"afterok:834754,afterany:834861",834754
104,E9_100m_dolma_sample_m0_99942400_seed5052_a2_rlb_matrixpolicy_static_shell,A2,dolma_sample,5052,834864,0,"afterok:834754,afterany:834862",834754
105,E9_100m_dolma_sample_m0_99942400_seed5052_a6_rlb_matrixpolicy_muon_branch_suppressed,A6,dolma_sample,5052,834865,1,"afterok:834754,afterany:834863",834754
106,E9_100m_dolma_sample_m0_99942400_seed5052_a7_rlb_matrixpolicy_no_role_depth_muon_branch_suppressed,A7,dolma_sample,5052,834866,0,"afterok:834754,afterany:834864",834754
107,E9_100m_dolma_sample_m0_99942400_seed5052_a9_rlb_matrixpolicy_no_role_depth_muon_block,A9,dolma_sample,5052,834867,1,"afterok:834754,afterany:834865",834754
108,E9_100m_dolma_sample_m0_99942400_seed5052_a0_silu_adamw,A0,dolma_sample,5052,834868,0,"afterok:834754,afterany:834866",834754
109,E9_100m_dolma_sample_m0_99942400_seed5052_a5_rlb_matrixpolicy_no_role_depth,A5,dolma_sample,5052,834869,1,"afterok:834754,afterany:834867",834754
110,E9_100m_dolma_sample_m0_99942400_seed8913_a8_rlb_matrixpolicy_no_pair_rescale,A8,dolma_sample,8913,834870,0,"afterok:834754,afterany:834868",834754
111,E9_100m_dolma_sample_m0_99942400_seed8913_a2_rlb_matrixpolicy_static_shell,A2,dolma_sample,8913,834871,1,"afterok:834754,afterany:834869",834754
112,E9_100m_dolma_sample_m0_99942400_seed8913_a6_rlb_matrixpolicy_muon_branch_suppressed,A6,dolma_sample,8913,834872,0,"afterok:834754,afterany:834870",834754
113,E9_100m_dolma_sample_m0_99942400_seed8913_a7_rlb_matrixpolicy_no_role_depth_muon_branch_suppressed,A7,dolma_sample,8913,834873,1,"afterok:834754,afterany:834871",834754
114,E9_100m_dolma_sample_m0_99942400_seed8913_a9_rlb_matrixpolicy_no_role_depth_muon_block,A9,dolma_sample,8913,834874,0,"afterok:834754,afterany:834872",834754
115,E9_100m_dolma_sample_m0_99942400_seed8913_a0_silu_adamw,A0,dolma_sample,8913,834875,1,"afterok:834754,afterany:834873",834754
116,E9_100m_dolma_sample_m0_99942400_seed8913_a5_rlb_matrixpolicy_no_role_depth,A5,dolma_sample,8913,834876,0,"afterok:834754,afterany:834874",834754
117,E9_100m_dolma_sample_m0_99942400_seed8913_a1_rlb_adamw,A1,dolma_sample,8913,834877,1,"afterok:834754,afterany:834875",834754
118,E9_100m_dolma_sample_m0_99942400_seed8913_a3_rlb_matrixpolicy_full,A3,dolma_sample,8913,834878,0,"afterok:834754,afterany:834876",834754
119,E9_100m_dolma_sample_m0_99942400_seed8913_a4_rlb_matrixpolicy_no_group_gate,A4,dolma_sample,8913,834879,1,"afterok:834754,afterany:834877",834754
120,E9_100m_c4_en_m0_99942400_seed2479_a0_silu_adamw,A0,c4_en,2479,834880,0,"afterok:834754,afterany:834878",834754
121,E9_100m_c4_en_m0_99942400_seed2479_a5_rlb_matrixpolicy_no_role_depth,A5,c4_en,2479,834881,1,"afterok:834754,afterany:834879",834754
122,E9_100m_c4_en_m0_99942400_seed2479_a1_rlb_adamw,A1,c4_en,2479,834882,0,"afterok:834754,afterany:834880",834754
123,E9_100m_c4_en_m0_99942400_seed2479_a3_rlb_matrixpolicy_full,A3,c4_en,2479,834883,1,"afterok:834754,afterany:834881",834754
124,E9_100m_c4_en_m0_99942400_seed2479_a4_rlb_matrixpolicy_no_group_gate,A4,c4_en,2479,834884,0,"afterok:834754,afterany:834882",834754
125,E9_100m_c4_en_m0_99942400_seed2479_a8_rlb_matrixpolicy_no_pair_rescale,A8,c4_en,2479,834885,1,"afterok:834754,afterany:834883",834754
126,E9_100m_c4_en_m0_99942400_seed2479_a2_rlb_matrixpolicy_static_shell,A2,c4_en,2479,834886,0,"afterok:834754,afterany:834884",834754
127,E9_100m_c4_en_m0_99942400_seed2479_a6_rlb_matrixpolicy_muon_branch_suppressed,A6,c4_en,2479,834887,1,"afterok:834754,afterany:834885",834754
128,E9_100m_c4_en_m0_99942400_seed2479_a7_rlb_matrixpolicy_no_role_depth_muon_branch_suppressed,A7,c4_en,2479,834888,0,"afterok:834754,afterany:834886",834754
129,E9_100m_c4_en_m0_99942400_seed2479_a9_rlb_matrixpolicy_no_role_depth_muon_block,A9,c4_en,2479,834889,1,"afterok:834754,afterany:834887",834754
130,E9_100m_c4_en_m0_99942400_seed5052_a4_rlb_matrixpolicy_no_group_gate,A4,c4_en,5052,834890,0,"afterok:834754,afterany:834888",834754
131,E9_100m_c4_en_m0_99942400_seed5052_a8_rlb_matrixpolicy_no_pair_rescale,A8,c4_en,5052,834891,1,"afterok:834754,afterany:834889",834754
132,E9_100m_c4_en_m0_99942400_seed5052_a2_rlb_matrixpolicy_static_shell,A2,c4_en,5052,834892,0,"afterok:834754,afterany:834890",834754
133,E9_100m_c4_en_m0_99942400_seed5052_a6_rlb_matrixpolicy_muon_branch_suppressed,A6,c4_en,5052,834893,1,"afterok:834754,afterany:834891",834754
134,E9_100m_c4_en_m0_99942400_seed5052_a7_rlb_matrixpolicy_no_role_depth_muon_branch_suppressed,A7,c4_en,5052,834894,0,"afterok:834754,afterany:834892",834754
135,E9_100m_c4_en_m0_99942400_seed5052_a9_rlb_matrixpolicy_no_role_depth_muon_block,A9,c4_en,5052,834895,1,"afterok:834754,afterany:834893",834754
136,E9_100m_c4_en_m0_99942400_seed5052_a0_silu_adamw,A0,c4_en,5052,834896,0,"afterok:834754,afterany:834894",834754
137,E9_100m_c4_en_m0_99942400_seed5052_a5_rlb_matrixpolicy_no_role_depth,A5,c4_en,5052,834897,1,"afterok:834754,afterany:834895",834754
138,E9_100m_c4_en_m0_99942400_seed5052_a1_rlb_adamw,A1,c4_en,5052,834898,0,"afterok:834754,afterany:834896",834754
139,E9_100m_c4_en_m0_99942400_seed5052_a3_rlb_matrixpolicy_full,A3,c4_en,5052,834899,1,"afterok:834754,afterany:834897",834754
140,E9_100m_c4_en_m0_99942400_seed8913_a2_rlb_matrixpolicy_static_shell,A2,c4_en,8913,834900,0,"afterok:834754,afterany:834898",834754
141,E9_100m_c4_en_m0_99942400_seed8913_a6_rlb_matrixpolicy_muon_branch_suppressed,A6,c4_en,8913,834901,1,"afterok:834754,afterany:834899",834754
142,E9_100m_c4_en_m0_99942400_seed8913_a7_rlb_matrixpolicy_no_role_depth_muon_branch_suppressed,A7,c4_en,8913,834902,0,"afterok:834754,afterany:834900",834754
143,E9_100m_c4_en_m0_99942400_seed8913_a9_rlb_matrixpolicy_no_role_depth_muon_block,A9,c4_en,8913,834903,1,"afterok:834754,afterany:834901",834754
144,E9_100m_c4_en_m0_99942400_seed8913_a0_silu_adamw,A0,c4_en,8913,834904,0,"afterok:834754,afterany:834902",834754
145,E9_100m_c4_en_m0_99942400_seed8913_a5_rlb_matrixpolicy_no_role_depth,A5,c4_en,8913,834905,1,"afterok:834754,afterany:834903",834754
146,E9_100m_c4_en_m0_99942400_seed8913_a1_rlb_adamw,A1,c4_en,8913,834906,0,"afterok:834754,afterany:834904",834754
147,E9_100m_c4_en_m0_99942400_seed8913_a3_rlb_matrixpolicy_full,A3,c4_en,8913,834907,1,"afterok:834754,afterany:834905",834754
148,E9_100m_c4_en_m0_99942400_seed8913_a4_rlb_matrixpolicy_no_group_gate,A4,c4_en,8913,834908,0,"afterok:834754,afterany:834906",834754
149,E9_100m_c4_en_m0_99942400_seed8913_a8_rlb_matrixpolicy_no_pair_rescale,A8,c4_en,8913,834909,1,"afterok:834754,afterany:834907",834754
