scope,phase,dataset,method,method_label,activation,optimizer,runs,steps,train_tokens_per_run,total_seconds_mean,total_seconds_std,total_seconds_min,total_seconds_max,total_minutes_mean,total_hours_mean,mean_seconds_per_step,tokens_per_second_mean
E1_m0_100m_all_datasets,E1_matrixpolicy_safe_speed_100m,c4_en,rlb_matrixpolicy_original,RLB+MatrixPolicy,rlb_fused_fixed_strong_ffn,rational_matrix_policy_onpolicy,3,3050,100000000,1494.0710138466868,141.08338138284338,1331.1632805520203,1576.093499006005,24.901183564111445,0.4150197260685241,0.462182921487485,71376.83253734486
E1_m0_100m_all_datasets,E1_m0_100m,c4_en,silu_adamw,SiLU+AdamW,silu,adamw,3,3050,100000000,1360.8573552936625,227.16215289867966,1222.9681594949798,1623.0442129889852,22.680955921561043,0.37801593202601735,0.4277459588642186,78068.04100877725
E1_m0_100m_all_datasets,E1_m0_100m,c4_en,rlb_adamw,RLB+AdamW,rlb_fused_fixed_strong_ffn,adamw,3,3050,100000000,1661.4488668176539,193.466900606414,1542.1048726239824,1884.6665759269963,27.690814446960896,0.46151357411601496,0.514161137985959,64342.07336868266
E1_m0_100m_all_datasets,E1_m0_100m,c4_en,silu_muon,SiLU+Muon,silu,muon,3,3050,100000000,1471.6244161963114,231.07010452607256,1334.9186812510015,1738.4137967669521,24.527073603271855,0.40878456005453095,0.4639755268349337,71809.9564361179
E1_m0_100m_all_datasets,E1_m0_100m,c4_en,rlb_muon,RLB+Muon,rlb_fused_fixed_strong_ffn,muon,3,3050,100000000,1758.8199001099954,198.03172953465338,1643.1625974290073,1987.4821171069634,29.313665001833257,0.4885610833638876,0.5458174394036974,60571.91941843101
E1_m0_100m_all_datasets,E1_m0_100m,c4_en,silu_lion,SiLU+Lion,silu,lion,3,3050,100000000,1346.8386795656795,238.39179512456053,1206.2879296829924,1622.0890847260016,22.44731132609466,0.374121855434911,0.4235078722050314,79008.54207401525
E1_m0_100m_all_datasets,E1_m0_100m,c4_en,rlb_lion,RLB+Lion,rlb_fused_fixed_strong_ffn,lion,3,3050,100000000,1651.50031518032,201.17464017811878,1533.5460433400003,1883.7873705129605,27.525005253005336,0.4587500875500889,0.5112195666687301,64763.479352037786
E1_m0_100m_all_datasets,E1_m0_100m,c4_en,silu_soap,SiLU+SOAP,silu,soap_adamw,3,3050,100000000,1590.0737729289879,240.07522406199737,1450.7597536050016,1867.2875609030016,26.501229548816465,0.44168715914694107,0.5029299527931932,66143.52406840038
E1_m0_100m_all_datasets,E1_m0_100m,c4_en,rlb_soap,RLB+SOAP,rlb_fused_fixed_strong_ffn,soap_adamw,3,3050,100000000,1695.4760264953366,201.16452165179342,1579.0060174309765,1927.760499607015,28.257933774922275,0.4709655629153713,0.5253887552538921,62982.76091945082
E1_m0_100m_all_datasets,E1_m0_100m,c4_en,silu_ademamix,SiLU+ADeMaMix,silu,ademamix,3,3050,100000000,1387.4498109950025,245.96482350203593,1244.7335920070182,1671.4643453360186,23.124163516583376,0.3854027252763896,0.4366546128421296,76612.53118091125
E1_m0_100m_all_datasets,E1_m0_100m,c4_en,rlb_ademamix,RLB+ADeMaMix,rlb_fused_fixed_strong_ffn,ademamix,3,3050,100000000,1697.657758870977,212.29244226993865,1573.2998219409492,1942.7831913270056,28.294295981182948,0.4715715996863825,0.5251340850049869,63082.56477160684
E1_m0_100m_all_datasets,E1_m0_100m,c4_en,silu_came,SiLU+CAME,silu,adafactor_came,3,3050,100000000,1469.7970177703148,245.97245009999702,1327.7116821769741,1753.8215257909615,24.49661696283858,0.408276949380643,0.4633481784720386,71997.89230695058
E1_m0_100m_all_datasets,E1_m0_100m,c4_en,rlb_came,RLB+CAME,rlb_fused_fixed_strong_ffn,adafactor_came,3,3050,100000000,1787.4753640669708,199.36856427753844,1672.030403904966,2017.686018530978,29.791256067782847,0.49652093446304746,0.5554738851745264,59501.83696024111
E1_m0_100m_all_datasets,E1_m0_100m,c4_en,silu_schedulefree,SiLU+ScheduleFree,silu,schedule_free_adamw,3,3050,100000000,1372.5162269119949,238.44609461094223,1234.7023056009784,1647.8500083899708,22.875270448533247,0.3812545074755541,0.4322607936788851,77326.96018418077
E1_m0_100m_all_datasets,E1_m0_100m,c4_en,rlb_schedulefree,RLB+ScheduleFree,rlb_fused_fixed_strong_ffn,schedule_free_adamw,3,3050,100000000,1677.6969549016794,205.4256264472723,1558.5783425039845,1914.901286746026,27.96161591502799,0.4660269319171332,0.5192614875993827,63750.303100162346
E1_m0_100m_all_datasets,E1_matrixpolicy_safe_speed_100m,dclm,rlb_matrixpolicy_original,RLB+MatrixPolicy,rlb_fused_fixed_strong_ffn,rational_matrix_policy_onpolicy,3,3050,100000000,2182.5298659756663,43.965130392463635,2156.2571824219776,2233.28591355402,36.375497766261105,0.6062582961043518,0.688164243560643,47628.370571564235
E1_m0_100m_all_datasets,E1_m0_100m,dclm,silu_adamw,SiLU+AdamW,silu,adamw,3,3050,100000000,1964.3547995973302,19.718318812115534,1949.9625456850044,1986.8303037419973,32.739246659955505,0.5456541109992584,0.6259346787053908,52353.797358951015
E1_m0_100m_all_datasets,E1_m0_100m,dclm,rlb_adamw,RLB+AdamW,rlb_fused_fixed_strong_ffn,adamw,3,3050,100000000,2234.978569750994,43.348342199858,2206.06527555699,2284.8201689549896,37.24964282918324,0.6208273804863873,0.7022839181256108,46670.14941203606
E1_m0_100m_all_datasets,E1_m0_100m,dclm,silu_muon,SiLU+Muon,silu,muon,3,3050,100000000,2100.322426625993,65.97364468944325,2055.7190837379894,2176.107068687008,35.005373777099884,0.5834228962849981,0.669331316037529,48983.24903756138
E1_m0_100m_all_datasets,E1_m0_100m,dclm,rlb_muon,RLB+Muon,rlb_fused_fixed_strong_ffn,muon,3,3050,100000000,2347.961405111991,67.88471778971648,2302.1018551359884,2425.945799945999,39.132690085199854,0.6522115014199975,0.7385452326943023,44390.06896588516
E1_m0_100m_all_datasets,E1_m0_100m,dclm,silu_lion,SiLU+Lion,silu,lion,3,3050,100000000,1979.383705073987,58.095441642519084,1938.272554803989,2045.8466361799801,32.989728417899784,0.5498288069649964,0.6305790987225136,51992.691949781176
E1_m0_100m_all_datasets,E1_m0_100m,dclm,rlb_lion,RLB+Lion,rlb_fused_fixed_strong_ffn,lion,3,3050,100000000,2246.1543707650076,61.34639441179511,2192.4145084460033,2312.9917950380186,37.43590617941679,0.6239317696569465,0.7057842530878659,46449.56681129394
E1_m0_100m_all_datasets,E1_m0_100m,dclm,silu_soap,SiLU+SOAP,silu,soap_adamw,3,3050,100000000,2238.9439317079864,79.50178362490409,2173.3293756049825,2327.3531982139975,37.31573219513311,0.6219288699188851,0.7143036584542645,45909.81766176236
E1_m0_100m_all_datasets,E1_m0_100m,dclm,rlb_soap,RLB+SOAP,rlb_fused_fixed_strong_ffn,soap_adamw,3,3050,100000000,2302.7356442200057,83.61125114094864,2239.396686166001,2397.508004416013,38.378927403666765,0.6396487900611127,0.7239624713915507,45299.45969381276
E1_m0_100m_all_datasets,E1_m0_100m,dclm,silu_ademamix,SiLU+ADeMaMix,silu,ademamix,3,3050,100000000,2021.716620118008,74.08821066752313,1964.315281311021,2105.352503066999,33.6952770019668,0.56158795003278,0.6439269424214644,50930.80759821526
E1_m0_100m_all_datasets,E1_m0_100m,dclm,rlb_ademamix,RLB+ADeMaMix,rlb_fused_fixed_strong_ffn,ademamix,3,3050,100000000,2402.613886359002,19.323599298354498,2381.042686886998,2418.3405391050037,40.043564772650036,0.667392746210834,0.7200733380033931,45541.04271338209
E1_m0_100m_all_datasets,E1_m0_100m,dclm,silu_came,SiLU+CAME,silu,adafactor_came,3,3050,100000000,2103.241821946654,66.01101616819199,2046.1126636989939,2175.505928687984,35.054030365777564,0.5842338394296261,0.6710004255892306,48864.624127732786
E1_m0_100m_all_datasets,E1_m0_100m,dclm,rlb_came,RLB+CAME,rlb_fused_fixed_strong_ffn,adafactor_came,3,3050,100000000,2363.466263787326,39.67425645423789,2318.0022882040066,2391.078499350988,39.39110439645544,0.6565184066075906,0.7434295782848478,44084.153443943695
E1_m0_100m_all_datasets,E1_m0_100m,dclm,silu_schedulefree,SiLU+ScheduleFree,silu,schedule_free_adamw,3,3050,100000000,1999.6826778973336,36.5896027676431,1960.9015308119997,2033.592755693011,33.32804463162223,0.5554674105270371,0.6370975198790334,51444.4677594303
E1_m0_100m_all_datasets,E1_m0_100m,dclm,rlb_schedulefree,RLB+ScheduleFree,rlb_fused_fixed_strong_ffn,schedule_free_adamw,3,3050,100000000,2264.2178062090047,41.38764718380892,2218.2517373180017,2298.526816216996,37.736963436816744,0.6289493906136124,0.7115092888661576,46063.83219326295
E1_m0_100m_all_datasets,E1_matrixpolicy_safe_speed_100m,dolma_sample,rlb_matrixpolicy_original,RLB+MatrixPolicy,rlb_fused_fixed_strong_ffn,rational_matrix_policy_onpolicy,3,3050,100000000,1406.9168229899951,131.97508439940975,1329.5609143800102,1559.3026066409657,23.448613716499917,0.390810228608332,0.434539197469803,75853.7817948428
E1_m0_100m_all_datasets,E1_m0_100m,dolma_sample,silu_adamw,SiLU+AdamW,silu,adamw,3,3050,100000000,1524.9167221076787,236.99019318833544,1252.452145630028,1683.2089874789817,25.415278701794644,0.4235879783632441,0.48096129424650436,69457.86461491892
E1_m0_100m_all_datasets,E1_m0_100m,dolma_sample,rlb_adamw,RLB+AdamW,rlb_fused_fixed_strong_ffn,adamw,3,3050,100000000,1790.2466099036585,200.67759934785641,1559.7889123819768,1926.4143249129993,29.837443498394308,0.49729072497323845,0.5558581041824379,59546.42392093785
E1_m0_100m_all_datasets,E1_m0_100m,dolma_sample,silu_muon,SiLU+Muon,silu,muon,3,3050,100000000,1614.8487406633405,227.72998885644031,1352.2874132760335,1758.6637509700377,26.914145677722342,0.4485690946287057,0.5096450336128573,65281.71340753585
E1_m0_100m_all_datasets,E1_m0_100m,dolma_sample,rlb_muon,RLB+Muon,rlb_fused_fixed_strong_ffn,muon,3,3050,100000000,1896.1111415086586,190.04747629274303,1677.6703903109883,2023.5186528739869,31.601852358477643,0.5266975393079607,0.5890263928996744,56060.136551803625
E1_m0_100m_all_datasets,E1_m0_100m,dolma_sample,silu_lion,SiLU+Lion,silu,lion,3,3050,100000000,1493.2309771773678,227.68107119370464,1230.4709220260265,1632.1299968770472,24.88718295295613,0.4147863825492688,0.4713922028168238,70831.65147953067
E1_m0_100m_all_datasets,E1_m0_100m,dolma_sample,rlb_lion,RLB+Lion,rlb_fused_fixed_strong_ffn,lion,3,3050,100000000,1778.2009692569845,193.66360527011437,1555.1623627219815,1903.7176652249764,29.63668282094974,0.4939447136824957,0.5519086983237879,59938.91017772657
E1_m0_100m_all_datasets,E1_m0_100m,dolma_sample,silu_soap,SiLU+SOAP,silu,soap_adamw,3,3050,100000000,1737.1900143666815,236.77924721665983,1464.9033558500232,1894.7668129630038,28.953166906111356,0.4825527817685226,0.5484307066226235,60576.29001285407
E1_m0_100m_all_datasets,E1_m0_100m,dolma_sample,rlb_soap,RLB+SOAP,rlb_fused_fixed_strong_ffn,soap_adamw,3,3050,100000000,1816.822009141324,216.38962725361796,1567.9187422369723,1960.2431859779754,30.280366819022067,0.5046727803170344,0.5644536505793167,58703.53433015231
E1_m0_100m_all_datasets,E1_m0_100m,dolma_sample,silu_ademamix,SiLU+ADeMaMix,silu,ademamix,3,3050,100000000,1520.8237732793398,243.9344254948723,1239.3758282680064,1671.2582879010006,25.347062887988997,0.42245104813314993,0.4800696031599916,69674.47888224997
E1_m0_100m_all_datasets,E1_m0_100m,dolma_sample,rlb_ademamix,RLB+ADeMaMix,rlb_fused_fixed_strong_ffn,ademamix,3,3050,100000000,1863.9625722596538,143.1015373591688,1700.266162987973,1965.3213942159782,31.06604287099423,0.5177673811832372,0.5636685249868084,58849.158460121966
E1_m0_100m_all_datasets,E1_m0_100m,dolma_sample,silu_came,SiLU+CAME,silu,adafactor_came,3,3050,100000000,1597.155636689645,244.0302626258722,1315.4238840189646,1742.624091658974,26.619260611494084,0.4436543435249014,0.5050623729445316,66084.6771593806
E1_m0_100m_all_datasets,E1_m0_100m,dolma_sample,rlb_came,RLB+CAME,rlb_fused_fixed_strong_ffn,adafactor_came,3,3050,100000000,1907.1954611126566,212.292201962126,1663.0954595209914,2048.722908639,31.78659101854428,0.5297765169757379,0.5940536021871123,55694.43010581428
E1_m0_100m_all_datasets,E1_m0_100m,dolma_sample,silu_schedulefree,SiLU+ScheduleFree,silu,schedule_free_adamw,3,3050,100000000,1503.421084690354,241.57245953155933,1224.5004101350205,1645.9952914780006,25.057018078172568,0.4176169679695428,0.4748608829647549,70447.50338119685
E1_m0_100m_all_datasets,E1_m0_100m,dolma_sample,rlb_schedulefree,RLB+ScheduleFree,rlb_fused_fixed_strong_ffn,schedule_free_adamw,3,3050,100000000,1858.3630778406707,255.99713049947687,1581.5050402670167,2086.495781597041,30.972717964011178,0.5162119660668529,0.5780851539934666,57519.91415644277
E1_m0_100m_all_datasets,E1_matrixpolicy_safe_speed_100m,fineweb,rlb_matrixpolicy_original,RLB+MatrixPolicy,rlb_fused_fixed_strong_ffn,rational_matrix_policy_onpolicy,3,3050,100000000,1490.4186771226814,140.00092093685578,1329.2098648489919,1581.465640281036,24.840311285378025,0.4140051880896337,0.4612953601795624,71505.08408531292
E1_m0_100m_all_datasets,E1_m0_100m,fineweb,silu_adamw,SiLU+AdamW,silu,adamw,3,3050,100000000,1458.2871343457955,318.95709010683805,1090.211067337019,1653.444160652347,24.304785572429925,0.40507975954049874,0.46069863943684364,74033.59793552135
E1_m0_100m_all_datasets,E1_m0_100m,fineweb,rlb_adamw,RLB+AdamW,rlb_fused_fixed_strong_ffn,adamw,3,3050,100000000,1737.1196268257725,290.55291716324575,1401.9277125349618,1917.1968947043642,28.95199378042954,0.48253322967382567,0.5398184749424918,62133.4676185483
E1_m0_100m_all_datasets,E1_m0_100m,fineweb,silu_muon,SiLU+Muon,silu,muon,3,3050,100000000,1571.125687061615,315.2284441245295,1207.5971767159645,1768.8348037758842,26.185428117693583,0.4364238019615597,0.49708462870528397,68183.82599613618
E1_m0_100m_all_datasets,E1_m0_100m,fineweb,rlb_muon,RLB+Muon,rlb_fused_fixed_strong_ffn,muon,3,3050,100000000,1835.1676953446004,285.23945105324054,1506.5250148029882,2018.3844274338335,30.58612825574334,0.509768804262389,0.5715030845332653,58499.98180857417
E1_m0_100m_all_datasets,E1_m0_100m,fineweb,silu_lion,SiLU+Lion,silu,lion,3,3050,100000000,1450.8903513121186,318.0042606884069,1083.9727395409718,1646.811478213407,24.181505855201976,0.40302509758669963,0.4583290357244128,74437.14863240578
E1_m0_100m_all_datasets,E1_m0_100m,fineweb,rlb_lion,RLB+Lion,rlb_fused_fixed_strong_ffn,lion,3,3050,100000000,1727.2116834651872,285.83979792631476,1397.9122881610529,1911.247491294518,28.786861391086454,0.4797810231847742,0.5364416224795221,62497.07620484613
E1_m0_100m_all_datasets,E1_m0_100m,fineweb,silu_soap,SiLU+SOAP,silu,soap_adamw,3,3050,100000000,1695.061039964261,317.9355816354048,1328.2582556480193,1891.6844642367214,28.251017332737682,0.4708502888789614,0.537228907828834,62793.5102206203
E1_m0_100m_all_datasets,E1_m0_100m,fineweb,rlb_soap,RLB+SOAP,rlb_fused_fixed_strong_ffn,soap_adamw,3,3050,100000000,1773.72229271353,288.6665172408698,1440.6721992450184,1951.9342811536044,29.562038211892165,0.4927006368648694,0.5512461413458203,60764.277135350865
E1_m0_100m_all_datasets,E1_m0_100m,fineweb,silu_ademamix,SiLU+ADeMaMix,silu,ademamix,3,3050,100000000,1486.0749136482289,318.7176323545607,1118.2353431059746,1680.0677784467116,24.767915227470482,0.412798587124508,0.46937336499624865,72556.70437528484
E1_m0_100m_all_datasets,E1_m0_100m,fineweb,rlb_ademamix,RLB+ADeMaMix,rlb_fused_fixed_strong_ffn,ademamix,3,3050,100000000,1997.8933590445085,323.70941448648534,1701.922530787997,2343.587489832018,33.298222650741806,0.5549703775123634,0.5470118533494499,61347.642424934034
E1_m0_100m_all_datasets,E1_m0_100m,fineweb,silu_came,SiLU+CAME,silu,adafactor_came,3,3050,100000000,1561.548222132551,317.671920841431,1195.1965519879595,1760.7018426517025,26.025803702209185,0.4337633950368197,0.4944149567571163,68575.84869803191
E1_m0_100m_all_datasets,E1_m0_100m,fineweb,rlb_came,RLB+CAME,rlb_fused_fixed_strong_ffn,adafactor_came,3,3050,100000000,1857.4575753298705,288.1256327965271,1525.1947217939887,2038.3344215406105,30.95762625549784,0.5159604375916307,0.5789404222776068,57736.61069622373
E1_m0_100m_all_datasets,E1_m0_100m,fineweb,silu_schedulefree,SiLU+ScheduleFree,silu,schedule_free_adamw,3,3050,100000000,1470.8143683170783,316.972090529618,1105.2456574239768,1669.121107172221,24.51357280528464,0.408559546754744,0.4648250053132136,73292.55114262723
E1_m0_100m_all_datasets,E1_m0_100m,fineweb,rlb_schedulefree,RLB+ScheduleFree,rlb_fused_fixed_strong_ffn,schedule_free_adamw,3,3050,100000000,1751.8835798247019,285.97107461764926,1422.2117097119917,1933.0534997060895,29.19805966374503,0.4866343277290839,0.5443482865762874,61546.75244951633
E1_m0_100m_all_datasets,E1_matrixpolicy_safe_speed_100m,fineweb_edu,rlb_matrixpolicy_original,RLB+MatrixPolicy,rlb_fused_fixed_strong_ffn,rational_matrix_policy_onpolicy,3,3050,100000000,1619.9433223493397,503.39209786881787,1327.515152279986,2201.206747354998,26.999055372488996,0.4499842562081499,0.5049310720675614,69027.25702241457
E1_m0_100m_all_datasets,E1_m0_100m,fineweb_edu,silu_adamw,SiLU+AdamW,silu,adamw,3,3050,100000000,1971.54387423367,46.075224636359636,1943.274986881006,2024.7113658459857,32.859064570561166,0.5476510761760195,0.6285369421914883,52150.77017691225
E1_m0_100m_all_datasets,E1_m0_100m,fineweb_edu,rlb_adamw,RLB+AdamW,rlb_fused_fixed_strong_ffn,adamw,3,3050,100000000,2238.5832532130007,60.09881322719632,2203.1879669560003,2307.9746835349943,37.30972088688335,0.6218286814480558,0.7038211417625082,46578.319193876814
E1_m0_100m_all_datasets,E1_m0_100m,fineweb_edu,silu_muon,SiLU+Muon,silu,muon,3,3050,100000000,2073.633942141993,28.92425064603418,2055.9367445280077,2107.0125057449914,34.56056570236655,0.5760094283727758,0.6618917400705168,49511.90363228976
E1_m0_100m_all_datasets,E1_m0_100m,fineweb_edu,rlb_muon,RLB+Muon,rlb_fused_fixed_strong_ffn,muon,3,3050,100000000,2317.5475068940045,26.537098743477802,2300.157784030016,2348.092214178003,38.62579178156674,0.6437631963594457,0.7293821919304921,44928.91182155473
E1_m0_100m_all_datasets,E1_m0_100m,fineweb_edu,silu_lion,SiLU+Lion,silu,lion,3,3050,100000000,2095.366792498981,268.9172702268946,1939.446575487993,2405.884770515957,34.922779874983014,0.5820463312497169,0.6681949950469339,49554.4688033775
E1_m0_100m_all_datasets,E1_m0_100m,fineweb_edu,rlb_lion,RLB+Lion,rlb_fused_fixed_strong_ffn,lion,3,3050,100000000,2351.973133962669,267.37154856942715,2197.323978054017,2660.7070330710267,39.199552232711156,0.6533258705451859,0.7400566938005919,44650.08957306617
E1_m0_100m_all_datasets,E1_m0_100m,fineweb_edu,silu_soap,SiLU+SOAP,silu,soap_adamw,2,3050,100000000,2176.2140237275016,4.620669964467627,2172.9467166620016,2179.4813307930017,36.270233728791695,0.6045038954798616,0.6953830628403713,47122.289701441
E1_m0_100m_all_datasets,E1_fineweb_edu_seed2027_runtime_repair_100m,fineweb_edu,silu_soap,SiLU+SOAP,silu,soap_adamw,1,3050,100000000,1284.7144211754203,0.0,1284.7144211754203,1284.7144211754203,21.411907019590338,0.3568651169931723,0.4032754314405773,81254.63999367978
E1_m0_100m_all_datasets,E1_m0_100m,fineweb_edu,rlb_soap,RLB+SOAP,rlb_fused_fixed_strong_ffn,soap_adamw,2,3050,100000000,2242.0903451744816,3.3079893995174605,2239.7512434379896,2244.4294469109736,37.36817241957469,0.6228028736595782,0.7054391484144633,46450.5400938972
E1_m0_100m_all_datasets,E1_fineweb_edu_seed2027_runtime_repair_100m,fineweb_edu,rlb_soap,RLB+SOAP,rlb_fused_fixed_strong_ffn,soap_adamw,1,3050,100000000,1538.5513155290391,0.0,1538.5513155290391,1538.5513155290391,25.642521925483987,0.4273753654247331,0.47279166342271567,69307.48262941059
E1_m0_100m_all_datasets,E1_m0_100m,fineweb_edu,silu_ademamix,SiLU+ADeMaMix,silu,ademamix,2,3050,100000000,1963.051959970995,8.71707898297474,1956.888054309995,1969.2158656319953,32.71753266618325,0.5452922111030541,0.6258627883515899,52356.999072105034
E1_m0_100m_all_datasets,E1_fineweb_edu_seed2027_runtime_repair_100m,fineweb_edu,silu_ademamix,SiLU+ADeMaMix,silu,ademamix,1,3050,100000000,1079.512025582604,0.0,1079.512025582604,1079.512025582604,17.991867093043403,0.2998644515507234,0.3363193788178791,97431.19803317744
E1_m0_100m_all_datasets,E1_m0_100m,fineweb_edu,rlb_ademamix,RLB+ADeMaMix,rlb_fused_fixed_strong_ffn,ademamix,2,3050,100000000,2229.5500599969964,9.222403264267944,2223.0288361099956,2236.0712838839972,37.159167666616604,0.6193194611102768,0.700505745378341,46778.05235736283
E1_m0_100m_all_datasets,E1_fineweb_edu_seed2027_runtime_repair_100m,fineweb_edu,rlb_ademamix,RLB+ADeMaMix,rlb_fused_fixed_strong_ffn,ademamix,1,3050,100000000,1721.4162198390113,0.0,1721.4162198390113,1721.4162198390113,28.69027033065019,0.47817117217750316,0.46845635454283574,69948.88570137581
E1_m0_100m_all_datasets,E1_m0_100m,fineweb_edu,silu_came,SiLU+CAME,silu,adafactor_came,2,3050,100000000,2047.1664277169912,10.317427938889738,2039.8709044569987,2054.4619509769836,34.11944046194985,0.5686573410324975,0.653941738520802,50109.11182922865
E1_m0_100m_all_datasets,E1_fineweb_edu_seed2027_runtime_repair_100m,fineweb_edu,silu_came,SiLU+CAME,silu,adafactor_came,1,3050,100000000,1159.9542364375666,0.0,1159.9542364375666,1159.9542364375666,19.332570607292777,0.32220951012154625,0.36298060735598914,90274.79522580432
E1_m0_100m_all_datasets,E1_m0_100m,fineweb_edu,rlb_came,RLB+CAME,rlb_fused_fixed_strong_ffn,adafactor_came,2,3050,100000000,2321.2662287165003,2.340203322219094,2319.611455078004,2322.9210023549967,38.687770478608336,0.6447961746434723,0.7314021777769659,44801.63129720396
E1_m0_100m_all_datasets,E1_fineweb_edu_seed2027_runtime_repair_100m,fineweb_edu,rlb_came,RLB+CAME,rlb_fused_fixed_strong_ffn,adafactor_came,1,3050,100000000,1630.6537925519515,0.0,1630.6537925519515,1630.6537925519515,27.177563209199192,0.45295938681998654,0.5024913092674106,65211.07807371424
E1_m0_100m_all_datasets,E1_m0_100m,fineweb_edu,silu_schedulefree,SiLU+ScheduleFree,silu,schedule_free_adamw,2,3050,100000000,1955.3496729869803,5.683924996805609,1951.3305310779833,1959.3688148959773,32.589161216449675,0.5431526869408279,0.6238456161076731,52526.03589555982
E1_m0_100m_all_datasets,E1_fineweb_edu_seed2027_runtime_repair_100m,fineweb_edu,silu_schedulefree,SiLU+ScheduleFree,silu,schedule_free_adamw,1,3050,100000000,1068.5379717499018,0.0,1068.5379717499018,1068.5379717499018,17.808966195831697,0.2968161032638616,0.33308927976726654,98376.0270606589
E1_m0_100m_all_datasets,E1_m0_100m,fineweb_edu,rlb_schedulefree,RLB+ScheduleFree,rlb_fused_fixed_strong_ffn,schedule_free_adamw,2,3050,100000000,2222.827331816021,3.488195552102656,2220.3608050870243,2225.2938585450174,37.04712219693368,0.6174520366155614,0.6993547400953026,46854.67811689665
E1_m0_100m_all_datasets,E1_fineweb_edu_seed2027_runtime_repair_100m,fineweb_edu,rlb_schedulefree,RLB+ScheduleFree,rlb_fused_fixed_strong_ffn,schedule_free_adamw,1,3050,100000000,1377.2403116831556,0.0,1377.2403116831556,1377.2403116831556,22.95400519471926,0.382566753245321,0.4225501814851008,77548.1858387402
E2_m0_300m_c4_en,E2_matrixpolicy_safe_speed_300m,c4_en,rlb_matrixpolicy_original,RLB+MatrixPolicy,rlb_fused_fixed_strong_ffn,rational_matrix_policy_onpolicy,3,9150,300000000,4021.7986429460966,220.60509924044914,3888.7041844455525,4276.444273700006,67.02997738243495,1.117166289707249,0.4141133365524634,79286.26261411668
E2_m0_300m_c4_en,E2_m0_300m,c4_en,silu_adamw,SiLU+AdamW,silu,adamw,3,9150,300000000,4386.256543087664,784.750274867532,3480.4734909789986,4861.526424514996,73.10427571812774,1.218404595302129,0.4622590455537354,72773.12465399463
E2_m0_300m_c4_en,E2_m0_300m,c4_en,rlb_adamw,RLB+AdamW,rlb_fused_fixed_strong_ffn,adamw,3,9150,300000000,5239.895639347,1174.120079628673,4488.2413929210015,6592.87161599,87.33159398911667,1.4555265664852777,0.5431489836381174,62415.632196869105
E2_m0_300m_c4_en,E2_m0_300m,c4_en,silu_muon,SiLU+Muon,silu,muon,3,9150,300000000,4687.350267785019,964.5760965236802,3574.860908515053,5290.313413985001,78.12250446308366,1.3020417410513943,0.49369757669997577,68698.40272001614
E2_m0_300m_c4_en,E2_m0_300m,c4_en,rlb_muon,RLB+Muon,rlb_fused_fixed_strong_ffn,muon,3,9150,300000000,5737.965969782334,686.8716503311489,4945.43839965,6161.019714978001,95.6327661630389,1.5938794360506483,0.5944661444981734,55719.13225905384
E2_m0_300m_c4_en,E2_m0_300m,c4_en,silu_lion,SiLU+Lion,silu,lion,3,9150,300000000,4322.999720857338,955.2416369514973,3220.248333076015,4895.378212789001,72.0499953476223,1.200833255793705,0.4555014071523792,74962.82334812351
E2_m0_300m_c4_en,E2_m0_300m,c4_en,rlb_lion,RLB+Lion,rlb_fused_fixed_strong_ffn,lion,3,9150,300000000,5397.784978211333,674.8896755716638,4619.272105276999,5817.279704971999,89.96308297018888,1.4993847161698146,0.559873197753429,59256.35991871023
E2_m0_300m_c4_en,E2_m0_300m,c4_en,silu_soap,SiLU+SOAP,silu,soap_adamw,3,9150,300000000,5231.958209018663,735.5866216352827,4382.820808291,5674.18856114299,87.19930348364439,1.4533217247274064,0.5516916674121932,60275.96860634351
E2_m0_300m_c4_en,E2_m0_300m,c4_en,rlb_soap,RLB+SOAP,rlb_fused_fixed_strong_ffn,soap_adamw,3,9150,300000000,5776.527815092998,961.556989056364,4758.292740742996,6669.037896829999,96.2754635848833,1.604591059748055,0.6018422150627626,55635.6157210293
E2_m0_300m_c4_en,E2_m0_300m,c4_en,silu_ademamix,SiLU+ADeMaMix,silu,ademamix,3,9150,300000000,5442.887823239997,686.0675009814153,4655.217593896,5910.00542734,90.71479705399994,1.5119132842333325,0.4792343325345081,69794.39236059839
E2_m0_300m_c4_en,E2_m0_300m,c4_en,rlb_ademamix,RLB+ADeMaMix,rlb_fused_fixed_strong_ffn,ademamix,3,9150,300000000,6855.176191121001,1394.6169155512118,5399.510374760001,8179.443600692997,114.25293651868334,1.9042156086447224,0.6054729559833439,55622.20474831359
E2_m0_300m_c4_en,E2_m0_300m,c4_en,silu_came,SiLU+CAME,silu,adafactor_came,3,9150,300000000,4843.904245640333,728.7397399530723,4002.6753514249995,5282.184174338001,80.73173742733889,1.3455289571223148,0.5119413390108599,65146.41697589694
E2_m0_300m_c4_en,E2_m0_300m,c4_en,rlb_came,RLB+CAME,rlb_fused_fixed_strong_ffn,adafactor_came,3,9150,300000000,6081.392036139,997.5059136778028,5026.861742064997,7009.895817883997,101.35653393565,1.6892755655941667,0.6350224932853558,52682.68166066599
E2_m0_300m_c4_en,E2_m0_300m,c4_en,silu_schedulefree,SiLU+ScheduleFree,silu,schedule_free_adamw,3,9150,300000000,4575.682110507668,743.0500907593621,3718.737810943001,5041.0092187109985,76.26136850846113,1.2710228084743522,0.4827358374316023,69317.15641431887
E2_m0_300m_c4_en,E2_m0_300m,c4_en,rlb_schedulefree,RLB+ScheduleFree,rlb_fused_fixed_strong_ffn,schedule_free_adamw,3,9150,300000000,5415.088590305,624.417653195223,4702.380008200998,5865.953533499007,90.25147650508333,1.5041912750847224,0.5619224142752666,58941.351231642235
E2_m0_300m_dclm,E2_matrixpolicy_safe_speed_300m,dclm,rlb_matrixpolicy_original,RLB+MatrixPolicy,rlb_fused_fixed_strong_ffn,rational_matrix_policy_onpolicy,3,9150,300000000,4178.854319076985,168.2075948736807,3984.6713033849373,4279.621733035077,69.64757198461642,1.1607928664102736,0.43043727910224877,76212.41965926501
E2_m0_300m_dclm,E2_m0_300m,dclm,silu_adamw,SiLU+AdamW,silu,adamw,3,9150,300000000,4256.248164547996,602.8328731547176,3668.4585765129887,4873.074875700055,70.93746940913326,1.1822911568188876,0.4477615261535658,74246.11295976948
E2_m0_300m_dclm,E2_m0_300m,dclm,rlb_adamw,RLB+AdamW,rlb_fused_fixed_strong_ffn,adamw,3,9150,300000000,5017.6083955493605,656.5532347228595,4635.4710946830455,5775.722425551037,83.62680659248934,1.3937801098748224,0.5187887211579866,63911.7055235704
E2_m0_300m_dclm,E2_m0_300m,dclm,silu_muon,SiLU+Muon,silu,muon,3,9150,300000000,4283.82187449967,888.5555295728892,3561.365866075037,5275.980870226049,71.39703124166117,1.1899505206943528,0.4497099097874954,74940.22953145175
E2_m0_300m_dclm,E2_m0_300m,dclm,rlb_muon,RLB+Muon,rlb_fused_fixed_strong_ffn,muon,3,9150,300000000,5340.11315842397,681.285547680043,4935.420378085924,6126.683660243987,89.00188597373284,1.4833647662288807,0.553020476838339,59894.070635745295
E2_m0_300m_dclm,E2_m0_300m,dclm,silu_lion,SiLU+Lion,silu,lion,3,9150,300000000,4057.5895258267024,720.8884706446973,3629.186218381976,4889.879475617083,67.62649209711171,1.1271082016185285,0.426497071792017,78441.95713029015
E2_m0_300m_dclm,E2_m0_300m,dclm,rlb_lion,RLB+Lion,rlb_fused_fixed_strong_ffn,lion,3,9150,300000000,5016.511953423025,692.3653382160941,4615.0341073690215,5815.984052338055,83.60853255705042,1.393475542617507,0.5183824855754109,64027.806755860416
E2_m0_300m_dclm,E2_m0_300m,dclm,silu_soap,SiLU+SOAP,silu,soap_adamw,3,9150,300000000,5216.448100514671,737.1417802083987,4365.86508473102,5669.296895538922,86.94080167524451,1.4490133612540752,0.5486730152337705,60587.68170330508
E2_m0_300m_dclm,E2_m0_300m,dclm,rlb_soap,RLB+SOAP,rlb_fused_fixed_strong_ffn,soap_adamw,3,9150,300000000,5133.323041154968,659.2480811021743,4752.638579612947,5894.55715134996,85.55538401924947,1.4259230669874912,0.531047014156917,62405.02189841
E2_m0_300m_dclm,E2_m0_300m,dclm,silu_ademamix,SiLU+ADeMaMix,silu,ademamix,3,9150,300000000,5119.453725485946,1084.2826018925352,3867.6800689419033,5766.922846351983,85.3242287580991,1.4220704793016516,0.48228944726421136,69300.39637159674
E2_m0_300m_dclm,E2_m0_300m,dclm,rlb_ademamix,RLB+ADeMaMix,rlb_fused_fixed_strong_ffn,ademamix,3,9150,300000000,6475.809381582004,728.0356583598383,6048.849053882994,7316.437517422019,107.93015635970006,1.7988359393283344,0.5200505480097075,63823.37740224528
E2_m0_300m_dclm,E2_m0_300m,dclm,silu_came,SiLU+CAME,silu,adafactor_came,3,9150,300000000,4811.813177780675,701.1869332408738,4002.432503027958,5234.950949948048,80.19688629634457,1.336614771605743,0.5084900036664839,65528.992763513066
E2_m0_300m_dclm,E2_m0_300m,dclm,rlb_came,RLB+CAME,rlb_fused_fixed_strong_ffn,adafactor_came,3,9150,300000000,5401.729138119667,637.2717043356878,5031.705460504047,6137.5831354899565,90.02881896866113,1.500480316144352,0.5603515456235864,59034.632287947425
E2_m0_300m_dclm,E2_m0_300m,dclm,silu_schedulefree,SiLU+ScheduleFree,silu,schedule_free_adamw,3,9150,300000000,4131.28010502737,715.5497636196744,3694.9076742610196,4957.081157677108,68.85466841712284,1.1475778069520473,0.43427540669891546,76941.00761248884
E2_m0_300m_dclm,E2_m0_300m,dclm,rlb_schedulefree,RLB+ScheduleFree,rlb_fused_fixed_strong_ffn,schedule_free_adamw,3,9150,300000000,4695.27080305099,8.433980173523937,4685.937349268002,4702.345226336969,78.25451338418317,1.304241889736386,0.48346154343767717,67778.07396099633
E2_m0_300m_dolma_sample,E2_matrixpolicy_safe_speed_300m,dolma_sample,rlb_matrixpolicy_original,RLB+MatrixPolicy,rlb_fused_fixed_strong_ffn,rational_matrix_policy_onpolicy,3,9150,300000000,4153.884129353333,223.63064744987358,3895.6836816500872,4286.156589519,69.23140215588889,1.153856702598148,0.4278441254997029,76744.92886813288
E2_m0_300m_dolma_sample,E2_m0_300m,dolma_sample,silu_adamw,SiLU+AdamW,silu,adamw,3,9150,300000000,3811.153168620658,366.7772498872206,3505.221027480904,4217.752231520135,63.51921947701097,1.0586536579501828,0.3990540249694118,82647.80189060308
E2_m0_300m_dolma_sample,E2_m0_300m,dolma_sample,rlb_adamw,RLB+AdamW,rlb_fused_fixed_strong_ffn,adamw,3,9150,300000000,5158.849987227392,581.3636866579803,4577.593668184942,5740.320982047124,85.98083312045654,1.4330138853409424,0.5332070899282193,62058.980963944625
E2_m0_300m_dolma_sample,E2_m0_300m,dolma_sample,silu_muon,SiLU+Muon,silu,muon,3,9150,300000000,4677.653335210052,1261.8565822607457,3852.9584162321407,6130.284771387,77.96088892016753,1.299348148669459,0.49372128971716744,69498.07835771308
E2_m0_300m_dolma_sample,E2_m0_300m,dolma_sample,rlb_muon,RLB+Muon,rlb_fused_fixed_strong_ffn,muon,3,9150,300000000,6153.983244058599,692.6865831219632,5488.307930064853,6870.841713892063,102.56638740097665,1.7094397900162774,0.6405670672658331,51656.78977621544
E2_m0_300m_dolma_sample,E2_m0_300m,dolma_sample,silu_lion,SiLU+Lion,silu,lion,3,9150,300000000,3767.7718070780393,310.6251211238548,3508.175605005119,4111.918513837038,62.796196784633985,1.0466032797438998,0.39422327979544697,83530.07891502201
E2_m0_300m_dolma_sample,E2_m0_300m,dolma_sample,rlb_lion,RLB+Lion,rlb_fused_fixed_strong_ffn,lion,3,9150,300000000,5152.432952629712,641.4324440145637,4462.677969284123,5731.007101204013,85.87388254382854,1.4312313757304758,0.5328954226165604,62238.91206313457
E2_m0_300m_dolma_sample,E2_m0_300m,dolma_sample,silu_soap,SiLU+SOAP,silu,soap_adamw,3,9150,300000000,4776.960104897308,709.6975151437064,4290.2150609989185,5591.279217764968,79.61600174828847,1.3269333624714745,0.5025041131606408,66102.19246802594
E2_m0_300m_dolma_sample,E2_m0_300m,dolma_sample,rlb_soap,RLB+SOAP,rlb_fused_fixed_strong_ffn,soap_adamw,3,9150,300000000,5276.880518359986,633.8771230717211,4599.419639209984,5855.580279035959,87.9480086393331,1.465800143988885,0.5461704251230227,60664.36769858147
E2_m0_300m_dolma_sample,E2_m0_300m,dolma_sample,silu_ademamix,SiLU+ADeMaMix,silu,ademamix,3,9150,300000000,4784.29063204769,750.3265781552781,4253.4133556170855,5642.702256083954,79.73817720079484,1.3289696200132473,0.4278550836104495,78310.34713504872
E2_m0_300m_dolma_sample,E2_m0_300m,dolma_sample,rlb_ademamix,RLB+ADeMaMix,rlb_fused_fixed_strong_ffn,ademamix,3,9150,300000000,6723.821994948007,999.7148736248017,6032.147934500012,7870.046477674972,112.06369991580011,1.867728331930002,0.5596474940601651,60279.36342207773
E2_m0_300m_dolma_sample,E2_m0_300m,dolma_sample,silu_came,SiLU+CAME,silu,adafactor_came,3,9150,300000000,3934.5941360729944,140.52013838182518,3822.5038125520005,4092.240128639969,65.57656893454991,1.0929428155758318,0.41162467770744693,79665.96929799313
E2_m0_300m_dolma_sample,E2_m0_300m,dolma_sample,rlb_came,RLB+CAME,rlb_fused_fixed_strong_ffn,adafactor_came,3,9150,300000000,5071.119893933646,107.83228821473173,4969.678812975995,5184.37108851294,84.5186648988941,1.4086444149815684,0.5234930170664395,62615.83034195519
E2_m0_300m_dolma_sample,E2_m0_300m,dolma_sample,silu_schedulefree,SiLU+ScheduleFree,silu,schedule_free_adamw,3,9150,300000000,3616.5128082806787,115.92430902793386,3519.28723249,3744.805179399904,60.27521347134464,1.0045868911890774,0.377745296606909,86810.71726009653
E2_m0_300m_dolma_sample,E2_m0_300m,dolma_sample,rlb_schedulefree,RLB+ScheduleFree,rlb_fused_fixed_strong_ffn,schedule_free_adamw,3,9150,300000000,4721.139353137075,104.65525010427892,4606.654455480166,4811.887436279096,78.68565588561792,1.3114275980936319,0.4857906460297508,67481.28070711649
E2_m0_300m_fineweb,E2_matrixpolicy_safe_speed_300m,fineweb,rlb_matrixpolicy_original,RLB+MatrixPolicy,rlb_fused_fixed_strong_ffn,rational_matrix_policy_onpolicy,3,9150,300000000,4027.5500568121984,211.4295576866149,3900.6089963568375,4271.622174079996,67.1258342802033,1.118763904670055,0.41461816953209313,79179.38266464572
E2_m0_300m_fineweb,E2_m0_300m,fineweb,silu_adamw,SiLU+AdamW,silu,adamw,3,9150,300000000,4584.748009009015,1131.215755246556,3612.3072668480454,5826.228823352023,76.41246681681692,1.2735411136136152,0.48400441974209507,70588.24597408826
E2_m0_300m_fineweb,E2_m0_300m,fineweb,rlb_adamw,RLB+AdamW,rlb_fused_fixed_strong_ffn,adamw,3,9150,300000000,4575.152221634014,76.97770683565983,4487.955441720085,4633.6874294970185,76.25253702723356,1.2708756171205593,0.46999514702665435,69737.17674883505
E2_m0_300m_fineweb,E2_m0_300m,fineweb,silu_muon,SiLU+Muon,silu,muon,3,9150,300000000,4181.881345324684,370.7981110074531,3937.7108183060773,4608.559459091979,69.69802242207807,1.1616337070346345,0.43853062612944854,75078.58653458358
E2_m0_300m_fineweb,E2_m0_300m,fineweb,rlb_muon,RLB+Muon,rlb_fused_fixed_strong_ffn,muon,3,9150,300000000,5102.411306832258,859.7876258551303,4438.410298168659,6073.600169118028,85.0401884472043,1.4173364741200716,0.5263427854397011,63461.4674664766
E2_m0_300m_fineweb,E2_m0_300m,fineweb,silu_lion,SiLU+Lion,silu,lion,3,9150,300000000,3878.4000459080175,376.8520339713349,3660.688164833002,4313.551263974048,64.64000076513362,1.0773333460855605,0.40656504135723187,81108.93250724181
E2_m0_300m_fineweb,E2_m0_300m,fineweb,rlb_lion,RLB+Lion,rlb_fused_fixed_strong_ffn,lion,3,9150,300000000,4773.474108676426,845.4764011280173,4116.056988579221,5727.228581052041,79.55790181127377,1.3259650301878962,0.49197628620193185,68070.7921748999
E2_m0_300m_fineweb,E2_m0_300m,fineweb,silu_soap,SiLU+SOAP,silu,soap_adamw,3,9150,300000000,4340.786321818014,37.565309786498545,4299.864276972017,4373.704959726019,72.3464386969669,1.2057739782827817,0.45705971880242224,71696.44163336435
E2_m0_300m_fineweb,E2_m0_300m,fineweb,rlb_soap,RLB+SOAP,rlb_fused_fixed_strong_ffn,soap_adamw,3,9150,300000000,5123.920649321012,663.4517565214243,4611.947436708026,5873.446317309979,85.39867748868353,1.423311291478059,0.5299030575459456,62572.72507028262
E2_m0_300m_fineweb,E2_m0_300m,fineweb,silu_ademamix,SiLU+ADeMaMix,silu,ademamix,3,9150,300000000,9037.771774923001,8598.83504312558,3754.3302414150094,18959.87016034394,150.62952958205003,2.5104921597008336,0.9251338920703421,60189.710660695826
E2_m0_300m_fineweb,E2_m0_300m,fineweb,rlb_ademamix,RLB+ADeMaMix,rlb_fused_fixed_strong_ffn,ademamix,3,9150,300000000,6242.233596841998,761.6345442716606,5757.895954314037,7120.130319845979,104.0372266140333,1.733953776900555,0.5141355748490336,64685.28940453509
E2_m0_300m_fineweb,E2_m0_300m,fineweb,silu_came,SiLU+CAME,silu,adafactor_came,3,9150,300000000,8830.602696188687,8349.254872836967,3995.1413440880133,18471.476183083025,147.17671160314478,2.4529451933857467,0.9476290656891826,57383.10768241092
E2_m0_300m_fineweb,E2_m0_300m,fineweb,rlb_came,RLB+CAME,rlb_fused_fixed_strong_ffn,adafactor_came,3,9150,300000000,5463.4427082849825,605.0787454959708,4969.295812020078,6138.282940933015,91.05737847141637,1.5176229745236063,0.5661572989354101,58393.3363685908
E2_m0_300m_fineweb,E2_m0_300m,fineweb,silu_schedulefree,SiLU+ScheduleFree,silu,schedule_free_adamw,3,9150,300000000,3702.23155495635,22.562584620533823,3680.875290950993,3725.8326400100486,61.7038592492725,1.0283976541545417,0.38753135647555864,84557.4978733571
E2_m0_300m_fineweb,E2_m0_300m,fineweb,rlb_schedulefree,RLB+ScheduleFree,rlb_fused_fixed_strong_ffn,schedule_free_adamw,3,9150,300000000,5134.0307325776275,600.6342019180281,4638.413701082929,5801.999054925982,85.5671788762938,1.4261196479382299,0.5303515601590807,62408.178144697085
E2_m0_300m_fineweb_edu,E2_matrixpolicy_safe_speed_300m,fineweb_edu,rlb_matrixpolicy_original,RLB+MatrixPolicy,rlb_fused_fixed_strong_ffn,rational_matrix_policy_onpolicy,3,9150,300000000,4178.93259766337,175.0106744151808,3976.931943239062,4284.986425481038,69.64887662772283,1.1608146104620471,0.43044114773081,76215.71452063843
E2_m0_300m_fineweb_edu,E2_m0_300m,fineweb_edu,silu_adamw,SiLU+AdamW,silu,adamw,3,9150,300000000,4510.005051085318,840.9360776891796,3685.3220271519967,5366.302551058005,75.16675085142197,1.2527791808570328,0.4753590297382512,70683.18057055387
E2_m0_300m_fineweb_edu,E2_m0_300m,fineweb_edu,rlb_adamw,RLB+AdamW,rlb_fused_fixed_strong_ffn,adamw,3,9150,300000000,6037.974146223317,508.2831777500939,5741.195616401965,6624.876429140917,100.63290243705528,1.677215040617588,0.6303801935335768,52246.76168917363
E2_m0_300m_fineweb_edu,E2_m0_300m,fineweb_edu,silu_muon,SiLU+Muon,silu,muon,3,9150,300000000,4367.642514802002,773.4839420708465,3829.926972479996,5254.095546065015,72.7940419133667,1.213234031889445,0.45853850633196713,72920.36506967242
E2_m0_300m_fineweb_edu,E2_m0_300m,fineweb_edu,rlb_muon,RLB+Muon,rlb_fused_fixed_strong_ffn,muon,3,9150,300000000,6173.266156139628,188.00758220281776,6063.7194104829105,6390.355528958025,102.88776926899381,1.71479615448323,0.6429053027282238,51008.99952920872
E2_m0_300m_fineweb_edu,E2_m0_300m,fineweb_edu,silu_lion,SiLU+Lion,silu,lion,3,9150,300000000,4467.183848329005,689.9003406989606,3670.5557523129974,4865.985312970937,74.45306413881674,1.2408844023136125,0.47093125241710254,70922.98621982607
E2_m0_300m_fineweb_edu,E2_m0_300m,fineweb_edu,rlb_lion,RLB+Lion,rlb_fused_fixed_strong_ffn,lion,3,9150,300000000,5473.6888374600485,759.2895562683372,4620.493608337012,6075.112239620066,91.22814729100081,1.5204691215166801,0.5685081520614796,58526.80719964663
E2_m0_300m_fineweb_edu,E2_m0_300m,fineweb_edu,silu_soap,SiLU+SOAP,silu,soap_adamw,3,9150,300000000,5206.485059135982,720.8913830016061,4374.089522717986,5627.440904636984,86.7747509855997,1.446245849759995,0.5474789864575659,60685.2486171686
E2_m0_300m_fineweb_edu,E2_m0_300m,fineweb_edu,rlb_soap,RLB+SOAP,rlb_fused_fixed_strong_ffn,soap_adamw,3,9150,300000000,5609.735624324356,756.3476063459425,4756.0436993080075,6196.172546779038,93.49559373873926,1.5582598956456544,0.5832472344901584,56995.383796057606
E2_m0_300m_fineweb_edu,E2_m0_300m,fineweb_edu,silu_ademamix,SiLU+ADeMaMix,silu,ademamix,3,9150,300000000,5309.269116561986,641.8569950183715,4588.0777606480115,5817.826523253927,88.48781860936644,1.474796976822774,0.476246726470933,70175.39499567906
E2_m0_300m_fineweb_edu,E2_m0_300m,fineweb_edu,rlb_ademamix,RLB+ADeMaMix,rlb_fused_fixed_strong_ffn,ademamix,3,9150,300000000,6493.276761880687,849.7330071358756,5927.059262008988,7470.355605225079,108.22127936467813,1.803687989411302,0.5355812469575538,62475.80502388351
E2_m0_300m_fineweb_edu,E2_m0_300m,fineweb_edu,silu_came,SiLU+CAME,silu,adafactor_came,3,9150,300000000,4811.744305209654,702.5527892231291,4000.5073699310014,5218.545048185973,80.19573842016091,1.336595640336015,0.5079443825591416,65602.63822597038
E2_m0_300m_fineweb_edu,E2_m0_300m,fineweb_edu,rlb_came,RLB+CAME,rlb_fused_fixed_strong_ffn,adafactor_came,3,9150,300000000,5558.775530110685,900.6027251626041,5035.014438713028,6598.692712430027,92.64625883517809,1.5441043139196349,0.5773746203613531,57751.25610856261
E2_m0_300m_fineweb_edu,E2_m0_300m,fineweb_edu,silu_schedulefree,SiLU+ScheduleFree,silu,schedule_free_adamw,3,9150,300000000,4531.633506307709,714.0824957679555,3707.082089981006,4944.088483582018,75.52722510512848,1.2587870850854745,0.47806428932022454,69904.06519260239
E2_m0_300m_fineweb_edu,E2_m0_300m,fineweb_edu,rlb_schedulefree,RLB+ScheduleFree,rlb_fused_fixed_strong_ffn,schedule_free_adamw,3,9150,300000000,5198.695108994027,865.925508974638,4698.590042559023,6198.579742743052,86.64491848323378,1.4440819747205629,0.53876965732372,61973.85839849132
