scope,method,method_label,activation,optimizer,runs,steps,train_tokens_per_run,total_seconds_mean,total_seconds_std,total_seconds_min,total_seconds_max,total_minutes_mean,total_hours_mean,mean_seconds_per_step,tokens_per_second_mean
E1_m0_100m_all_datasets,rlb_matrixpolicy_original,RLB+MatrixPolicy,rlb_fused_fixed_strong_ffn,rational_matrix_policy_onpolicy,15,3050,100000000,2228.50614664287,1219.4408422524536,1403.8377053189906,6514.639861221018,37.1417691107145,0.619029485178575,0.7035553487132975,53078.44668388378
E1_m0_100m_all_datasets,silu_adamw,SiLU+AdamW,silu,adamw,15,3050,100000000,1655.9919771156274,320.50448241039106,1090.211067337019,2024.7113658459857,27.599866285260457,0.4599977714210076,0.5247755026888892,65212.81421901615
E1_m0_100m_all_datasets,rlb_adamw,RLB+AdamW,rlb_fused_fixed_strong_ffn,adamw,15,3050,100000000,1932.475385302216,303.1267050892031,1401.9277125349618,2307.9746835349943,32.207923088370265,0.5367987181395044,0.6031885553998015,55854.086702816334
E1_m0_100m_all_datasets,silu_muon,SiLU+Muon,silu,muon,15,3050,100000000,1766.3110425378507,325.27931744577455,1207.5971767159645,2176.107068687008,29.438517375630845,0.49064195626051404,0.5603856490522241,60754.129701928214
E1_m0_100m_all_datasets,rlb_muon,RLB+Muon,rlb_fused_fixed_strong_ffn,muon,15,3050,100000000,2031.12152979385,300.43077597990833,1506.5250148029882,2425.945799945999,33.85202549656417,0.5642004249427361,0.6348548682922863,52890.20371324974
E1_m0_100m_all_datasets,silu_lion,SiLU+Lion,silu,lion,15,3050,100000000,1673.1421011256268,373.38809475658,1083.9727395409718,2405.884770515957,27.885701685427115,0.46476169475711854,0.5304006409031431,65164.90058782208
E1_m0_100m_all_datasets,rlb_lion,RLB+Lion,rlb_fused_fixed_strong_ffn,lion,15,3050,100000000,1951.0080945260338,350.7617512385719,1397.9122881610529,2660.7070330710267,32.516801575433895,0.5419466929238983,0.6090821668720996,55659.82442379412
E1_m0_100m_all_datasets,silu_soap,SiLU+SOAP,silu,soap_adamw,15,3050,100000000,2172.888364319585,1227.168915285062,1328.2582556480193,6457.091140435019,36.21480607199308,0.6035801011998847,0.6930946605294277,54409.3553884032
E1_m0_100m_all_datasets,rlb_soap,RLB+SOAP,rlb_fused_fixed_strong_ffn,soap_adamw,15,3050,100000000,2252.470799289636,1221.9599298082587,1440.6721992450184,6536.613381284988,37.5411799881606,0.62568633313601,0.7078613123591361,52777.80988737703
E1_m0_100m_all_datasets,silu_ademamix,SiLU+ADeMaMix,silu,ademamix,15,3050,100000000,1940.9931901879802,1150.8163679194292,1118.2353431059746,5940.598578755977,32.349886503133,0.5391647750522167,0.6179849536514527,62068.908924678144
E1_m0_100m_all_datasets,rlb_ademamix,RLB+ADeMaMix,rlb_fused_fixed_strong_ffn,ademamix,15,3050,100000000,2312.2180272841592,1153.1678042965566,1573.2998219409492,6337.787559665972,38.536967121402654,0.6422827853567109,0.700980423404356,53068.84825796772
E1_m0_100m_all_datasets,silu_came,SiLU+CAME,silu,adafactor_came,15,3050,100000000,2041.2057199342294,1227.7959223187522,1195.1965519879595,6328.524847961962,34.020095332237155,0.5670015888706192,0.6508235100683338,58849.89668287424
E1_m0_100m_all_datasets,rlb_came,RLB+CAME,rlb_fused_fixed_strong_ffn,adafactor_came,15,3050,100000000,2335.129555147566,1224.3588438175245,1525.1947217939887,6637.626876890019,38.9188259191261,0.6486470986521017,0.7348844054295215,50395.4971037633
E1_m0_100m_all_datasets,silu_schedulefree,SiLU+ScheduleFree,silu,schedule_free_adamw,15,3050,100000000,1948.1705714441525,1236.746920947794,1105.2456574239768,6272.556152238045,32.46950952406921,0.5411584920678202,0.6207964857523551,62578.12972915074
E1_m0_100m_all_datasets,rlb_schedulefree,RLB+ScheduleFree,rlb_fused_fixed_strong_ffn,schedule_free_adamw,15,3050,100000000,2242.748360653146,1223.7855007760725,1422.2117097119917,6539.086489836976,37.3791393442191,0.622985655736985,0.7047483667508198,53057.351997186626
E2_m0_300m_dclm,rlb_matrixpolicy_original,RLB+MatrixPolicy,rlb_fused_fixed_strong_ffn,rational_matrix_policy_onpolicy,3,9150,300000000,5088.680045800672,616.5007522478613,4727.199902376975,5800.524868908105,84.81133409667787,1.413522234944631,0.5293084242085226,62518.36658201447
E2_m0_300m_dclm,silu_adamw,SiLU+AdamW,silu,adamw,3,9150,300000000,4256.248164547996,602.8328731547176,3668.4585765129887,4873.074875700055,70.93746940913326,1.1822911568188876,0.4477615261535658,74246.11295976948
E2_m0_300m_dclm,rlb_adamw,RLB+AdamW,rlb_fused_fixed_strong_ffn,adamw,3,9150,300000000,5017.6083955493605,656.5532347228595,4635.4710946830455,5775.722425551037,83.62680659248934,1.3937801098748224,0.5187887211579866,63911.7055235704
E2_m0_300m_dclm,silu_muon,SiLU+Muon,silu,muon,3,9150,300000000,4283.82187449967,888.5555295728892,3561.365866075037,5275.980870226049,71.39703124166117,1.1899505206943528,0.4497099097874954,74940.22953145175
E2_m0_300m_dclm,rlb_muon,RLB+Muon,rlb_fused_fixed_strong_ffn,muon,3,9150,300000000,5340.11315842397,681.285547680043,4935.420378085924,6126.683660243987,89.00188597373284,1.4833647662288807,0.553020476838339,59894.070635745295
E2_m0_300m_dclm,silu_lion,SiLU+Lion,silu,lion,3,9150,300000000,4057.5895258267024,720.8884706446973,3629.186218381976,4889.879475617083,67.62649209711171,1.1271082016185285,0.426497071792017,78441.95713029015
E2_m0_300m_dclm,rlb_lion,RLB+Lion,rlb_fused_fixed_strong_ffn,lion,3,9150,300000000,5016.511953423025,692.3653382160941,4615.0341073690215,5815.984052338055,83.60853255705042,1.393475542617507,0.5183824855754109,64027.806755860416
E2_m0_300m_dclm,silu_soap,SiLU+SOAP,silu,soap_adamw,3,9150,300000000,5216.448100514671,737.1417802083987,4365.86508473102,5669.296895538922,86.94080167524451,1.4490133612540752,0.5486730152337705,60587.68170330508
E2_m0_300m_dclm,rlb_soap,RLB+SOAP,rlb_fused_fixed_strong_ffn,soap_adamw,3,9150,300000000,5133.323041154968,659.2480811021743,4752.638579612947,5894.55715134996,85.55538401924947,1.4259230669874912,0.531047014156917,62405.02189841
E2_m0_300m_dclm,silu_ademamix,SiLU+ADeMaMix,silu,ademamix,3,9150,300000000,5119.453725485946,1084.2826018925352,3867.6800689419033,5766.922846351983,85.3242287580991,1.4220704793016516,0.48228944726421136,69300.39637159674
E2_m0_300m_dclm,rlb_ademamix,RLB+ADeMaMix,rlb_fused_fixed_strong_ffn,ademamix,3,9150,300000000,6475.809381582004,728.0356583598383,6048.849053882994,7316.437517422019,107.93015635970006,1.7988359393283344,0.5200505480097075,63823.37740224528
E2_m0_300m_dclm,silu_came,SiLU+CAME,silu,adafactor_came,3,9150,300000000,4811.813177780675,701.1869332408738,4002.432503027958,5234.950949948048,80.19688629634457,1.336614771605743,0.5084900036664839,65528.992763513066
E2_m0_300m_dclm,rlb_came,RLB+CAME,rlb_fused_fixed_strong_ffn,adafactor_came,3,9150,300000000,5401.729138119667,637.2717043356878,5031.705460504047,6137.5831354899565,90.02881896866113,1.500480316144352,0.5603515456235864,59034.632287947425
E2_m0_300m_dclm,silu_schedulefree,SiLU+ScheduleFree,silu,schedule_free_adamw,3,9150,300000000,4131.28010502737,715.5497636196744,3694.9076742610196,4957.081157677108,68.85466841712284,1.1475778069520473,0.43427540669891546,76941.00761248884
E2_m0_300m_dclm,rlb_schedulefree,RLB+ScheduleFree,rlb_fused_fixed_strong_ffn,schedule_free_adamw,3,9150,300000000,4695.27080305099,8.433980173523937,4685.937349268002,4702.345226336969,78.25451338418317,1.304241889736386,0.48346154343767717,67778.07396099633
