budget_tokens,dataset,seed,method,final_val_loss,final_val_ppl,total_minutes,mean_seconds_per_step,tokens_per_second,slurm_job_id,slurm_restart_count,slurm_node,jsonl
100000000,c4_en,1337,full,4.261364,70.907,22.481,0.416774,78622.966,,,,experiments/runs/iclr26_main/E1_rational_only_100m/c4_en/E1_rational_only_100m_c4_en_m0_100m_seed1337_rlb_rational_only_matrixpolicy/rlb_fused_global_rational.jsonl
100000000,c4_en,1337,no_role_depth,4.277005,72.024,24.962,0.465270,70427.949,572271,0,badfellow,abalation/runs/matrixpolicy_ablation_e1_e2/E1_matrixpolicy_ablation_no_role_depth_100m/c4_en/E1_matrixpolicy_ablation_no_role_depth_100m_c4_en_m0_100m_seed1337_rlb_matrixpolicy_no_role_depth/rlb_fused_global_rational.jsonl
100000000,c4_en,1337,role_depth_v2,4.258841,70.728,22.122,0.410550,79814.960,680334,0,seo-compute-01,abalation/runs/role_depth_v2_e1_e2/E1_matrixpolicy_ablation_role_depth_v2_100m/c4_en/E1_matrixpolicy_ablation_role_depth_v2_100m_c4_en_m0_100m_seed1337_rlb_matrixpolicy_role_depth_v2/rlb_fused_global_rational.jsonl
100000000,c4_en,1337,role_depth_v3,4.277341,72.049,20.194,0.373612,87706.038,707583,0,elor-compute-01,abalation/runs/role_depth_v3_v4_e1_e2/E1_matrixpolicy_ablation_role_depth_v3_100m/c4_en/E1_matrixpolicy_ablation_role_depth_v3_100m_c4_en_m0_100m_seed1337_rlb_matrixpolicy_role_depth_v3/rlb_fused_global_rational.jsonl
100000000,c4_en,1337,role_depth_v4,4.264500,71.129,25.020,0.464891,70485.375,707598,0,damle-compute-01,abalation/runs/role_depth_v3_v4_e1_e2/E1_matrixpolicy_ablation_role_depth_v4_100m/c4_en/E1_matrixpolicy_ablation_role_depth_v4_100m_c4_en_m0_100m_seed1337_rlb_matrixpolicy_role_depth_v4/rlb_fused_global_rational.jsonl
100000000,c4_en,2027,full,4.298457,73.586,24.509,0.457647,71601.079,,,,experiments/runs/iclr26_main/E1_rational_only_100m/c4_en/E1_rational_only_100m_c4_en_m0_100m_seed2027_rlb_rational_only_matrixpolicy/rlb_fused_global_rational.jsonl
100000000,c4_en,2027,no_role_depth,4.313735,74.719,20.341,0.376306,87078.132,573601,0,abdelfattah-compute-03,abalation/runs/matrixpolicy_ablation_e1_e2/E1_matrixpolicy_ablation_no_role_depth_100m/c4_en/E1_matrixpolicy_ablation_no_role_depth_100m_c4_en_m0_100m_seed2027_rlb_matrixpolicy_no_role_depth/rlb_fused_global_rational.jsonl
100000000,c4_en,2027,role_depth_v2,4.299328,73.650,29.627,0.556227,58911.164,680766,0,ellis-compute-02,abalation/runs/role_depth_v2_e1_e2/E1_matrixpolicy_ablation_role_depth_v2_100m/c4_en/E1_matrixpolicy_ablation_role_depth_v2_100m_c4_en_m0_100m_seed2027_rlb_matrixpolicy_role_depth_v2/rlb_fused_global_rational.jsonl
100000000,c4_en,2027,role_depth_v3,4.313629,74.711,21.047,0.389914,84039.136,707584,0,zabih-compute-01,abalation/runs/role_depth_v3_v4_e1_e2/E1_matrixpolicy_ablation_role_depth_v3_100m/c4_en/E1_matrixpolicy_ablation_role_depth_v3_100m_c4_en_m0_100m_seed2027_rlb_matrixpolicy_role_depth_v3/rlb_fused_global_rational.jsonl
100000000,c4_en,2027,role_depth_v4,4.302079,73.853,20.803,0.385447,85012.929,707599,0,elor-compute-01,abalation/runs/role_depth_v3_v4_e1_e2/E1_matrixpolicy_ablation_role_depth_v4_100m/c4_en/E1_matrixpolicy_ablation_role_depth_v4_100m_c4_en_m0_100m_seed2027_rlb_matrixpolicy_role_depth_v4/rlb_fused_global_rational.jsonl
100000000,c4_en,3407,full,4.291322,73.063,22.414,0.415926,78783.245,,,,experiments/runs/iclr26_main/E1_rational_only_100m/c4_en/E1_rational_only_100m_c4_en_m0_100m_seed3407_rlb_rational_only_matrixpolicy/rlb_fused_global_rational.jsonl
100000000,c4_en,3407,no_role_depth,4.305235,74.087,20.363,0.375618,87237.455,573706,0,seo-compute-01,abalation/runs/matrixpolicy_ablation_e1_e2/E1_matrixpolicy_ablation_no_role_depth_100m/c4_en/E1_matrixpolicy_ablation_no_role_depth_100m_c4_en_m0_100m_seed3407_rlb_matrixpolicy_no_role_depth/rlb_fused_global_rational.jsonl
100000000,c4_en,3407,role_depth_v2,4.293108,73.194,24.950,0.463586,70683.783,680767,0,damle-compute-01,abalation/runs/role_depth_v2_e1_e2/E1_matrixpolicy_ablation_role_depth_v2_100m/c4_en/E1_matrixpolicy_ablation_role_depth_v2_100m_c4_en_m0_100m_seed3407_rlb_matrixpolicy_role_depth_v2/rlb_fused_global_rational.jsonl
100000000,c4_en,3407,role_depth_v3,4.307411,74.248,24.294,0.448325,73089.889,707585,0,damle-compute-01,abalation/runs/role_depth_v3_v4_e1_e2/E1_matrixpolicy_ablation_role_depth_v3_100m/c4_en/E1_matrixpolicy_ablation_role_depth_v3_100m_c4_en_m0_100m_seed3407_rlb_matrixpolicy_role_depth_v3/rlb_fused_global_rational.jsonl
100000000,c4_en,3407,role_depth_v4,4.296788,73.463,25.064,0.468217,69984.598,707600,0,badfellow,abalation/runs/role_depth_v3_v4_e1_e2/E1_matrixpolicy_ablation_role_depth_v4_100m/c4_en/E1_matrixpolicy_ablation_role_depth_v4_100m_c4_en_m0_100m_seed3407_rlb_matrixpolicy_role_depth_v4/rlb_fused_global_rational.jsonl
100000000,dclm,1337,full,4.246725,69.876,24.436,0.456210,71826.601,,,,experiments/runs/iclr26_main/E1_rational_only_100m/dclm/E1_rational_only_100m_dclm_m0_100m_seed1337_rlb_rational_only_matrixpolicy/rlb_fused_global_rational.jsonl
100000000,dclm,1337,no_role_depth,4.261313,70.903,20.318,0.376132,87118.338,567140,0,abdelfattah-compute-03,abalation/runs/matrixpolicy_ablation_e1_e2/E1_matrixpolicy_ablation_no_role_depth_100m/dclm/E1_matrixpolicy_ablation_no_role_depth_100m_dclm_m0_100m_seed1337_rlb_matrixpolicy_no_role_depth/rlb_fused_global_rational.jsonl
100000000,dclm,1337,role_depth_v2,4.245911,69.819,27.461,0.510865,64142.142,676423,0,ellis-compute-02,abalation/runs/role_depth_v2_e1_e2/E1_matrixpolicy_ablation_role_depth_v2_100m/dclm/E1_matrixpolicy_ablation_role_depth_v2_100m_dclm_m0_100m_seed1337_rlb_matrixpolicy_role_depth_v2/rlb_fused_global_rational.jsonl
100000000,dclm,1337,role_depth_v3,4.258096,70.675,23.694,0.441631,74197.767,707327,1,badfellow,abalation/runs/role_depth_v3_v4_e1_e2/E1_matrixpolicy_ablation_role_depth_v3_100m/dclm/E1_matrixpolicy_ablation_role_depth_v3_100m_dclm_m0_100m_seed1337_rlb_matrixpolicy_role_depth_v3/rlb_fused_global_rational.jsonl
100000000,dclm,1337,role_depth_v4,4.250974,70.174,25.968,0.486784,67315.241,707586,0,nikola-compute-18,abalation/runs/role_depth_v3_v4_e1_e2/E1_matrixpolicy_ablation_role_depth_v4_100m/dclm/E1_matrixpolicy_ablation_role_depth_v4_100m_dclm_m0_100m_seed1337_rlb_matrixpolicy_role_depth_v4/rlb_fused_global_rational.jsonl
100000000,dclm,2027,full,4.258865,70.730,27.383,0.511790,64026.284,,,,experiments/runs/iclr26_main/E1_rational_only_100m/dclm/E1_rational_only_100m_dclm_m0_100m_seed2027_rlb_rational_only_matrixpolicy/rlb_fused_global_rational.jsonl
100000000,dclm,2027,no_role_depth,4.273677,71.785,20.335,0.376038,87140.127,572244,0,abdelfattah-compute-03,abalation/runs/matrixpolicy_ablation_e1_e2/E1_matrixpolicy_ablation_no_role_depth_100m/dclm/E1_matrixpolicy_ablation_no_role_depth_100m_dclm_m0_100m_seed2027_rlb_matrixpolicy_no_role_depth/rlb_fused_global_rational.jsonl
100000000,dclm,2027,role_depth_v2,4.258640,70.714,23.944,0.443879,73821.839,676424,0,rush-compute-02,abalation/runs/role_depth_v2_e1_e2/E1_matrixpolicy_ablation_role_depth_v2_100m/dclm/E1_matrixpolicy_ablation_role_depth_v2_100m_dclm_m0_100m_seed2027_rlb_matrixpolicy_role_depth_v2/rlb_fused_global_rational.jsonl
100000000,dclm,2027,role_depth_v3,4.270991,71.593,20.293,0.374387,87524.438,707328,0,elor-compute-01,abalation/runs/role_depth_v3_v4_e1_e2/E1_matrixpolicy_ablation_role_depth_v3_100m/dclm/E1_matrixpolicy_ablation_role_depth_v3_100m_dclm_m0_100m_seed2027_rlb_matrixpolicy_role_depth_v3/rlb_fused_global_rational.jsonl
100000000,dclm,2027,role_depth_v4,4.262203,70.966,20.822,0.385693,84958.833,707587,0,elor-compute-01,abalation/runs/role_depth_v3_v4_e1_e2/E1_matrixpolicy_ablation_role_depth_v4_100m/dclm/E1_matrixpolicy_ablation_role_depth_v4_100m_dclm_m0_100m_seed2027_rlb_matrixpolicy_role_depth_v4/rlb_fused_global_rational.jsonl
100000000,dclm,3407,full,4.255752,70.510,24.557,0.458714,71434.534,,,,experiments/runs/iclr26_main/E1_rational_only_100m/dclm/E1_rational_only_100m_dclm_m0_100m_seed3407_rlb_rational_only_matrixpolicy/rlb_fused_global_rational.jsonl
100000000,dclm,3407,no_role_depth,4.265036,71.167,21.456,0.397170,82503.762,572245,0,seo-compute-01,abalation/runs/matrixpolicy_ablation_e1_e2/E1_matrixpolicy_ablation_no_role_depth_100m/dclm/E1_matrixpolicy_ablation_no_role_depth_100m_dclm_m0_100m_seed3407_rlb_matrixpolicy_no_role_depth/rlb_fused_global_rational.jsonl
100000000,dclm,3407,role_depth_v2,4.251755,70.229,20.815,0.385700,84957.218,676425,0,elor-compute-01,abalation/runs/role_depth_v2_e1_e2/E1_matrixpolicy_ablation_role_depth_v2_100m/dclm/E1_matrixpolicy_ablation_role_depth_v2_100m_dclm_m0_100m_seed3407_rlb_matrixpolicy_role_depth_v2/rlb_fused_global_rational.jsonl
100000000,dclm,3407,role_depth_v3,4.267403,71.336,24.324,0.453289,72289.382,707329,1,badfellow,abalation/runs/role_depth_v3_v4_e1_e2/E1_matrixpolicy_ablation_role_depth_v3_100m/dclm/E1_matrixpolicy_ablation_role_depth_v3_100m_dclm_m0_100m_seed3407_rlb_matrixpolicy_role_depth_v3/rlb_fused_global_rational.jsonl
100000000,dclm,3407,role_depth_v4,4.255749,70.510,21.515,0.399574,82007.317,707588,0,zabih-compute-01,abalation/runs/role_depth_v3_v4_e1_e2/E1_matrixpolicy_ablation_role_depth_v4_100m/dclm/E1_matrixpolicy_ablation_role_depth_v4_100m_dclm_m0_100m_seed3407_rlb_matrixpolicy_role_depth_v4/rlb_fused_global_rational.jsonl
100000000,dolma_sample,1337,full,4.320515,75.227,24.401,0.455278,71973.566,,,,experiments/runs/iclr26_main/E1_rational_only_100m/dolma_sample/E1_rational_only_100m_dolma_sample_m0_100m_seed1337_rlb_rational_only_matrixpolicy/rlb_fused_global_rational.jsonl
100000000,dolma_sample,1337,no_role_depth,4.332900,76.165,20.303,0.375447,87277.322,572265,0,seo-compute-01,abalation/runs/matrixpolicy_ablation_e1_e2/E1_matrixpolicy_ablation_no_role_depth_100m/dolma_sample/E1_matrixpolicy_ablation_no_role_depth_100m_dolma_sample_m0_100m_seed1337_rlb_matrixpolicy_no_role_depth/rlb_fused_global_rational.jsonl
100000000,dolma_sample,1337,role_depth_v2,4.316649,74.937,20.886,0.387443,84575.044,680016,0,seo-compute-01,abalation/runs/role_depth_v2_e1_e2/E1_matrixpolicy_ablation_role_depth_v2_100m/dolma_sample/E1_matrixpolicy_ablation_role_depth_v2_100m_dolma_sample_m0_100m_seed1337_rlb_matrixpolicy_role_depth_v2/rlb_fused_global_rational.jsonl
100000000,dolma_sample,1337,role_depth_v3,4.331314,76.044,21.076,0.390227,83971.707,707545,0,zabih-compute-01,abalation/runs/role_depth_v3_v4_e1_e2/E1_matrixpolicy_ablation_role_depth_v3_100m/dolma_sample/E1_matrixpolicy_ablation_role_depth_v3_100m_dolma_sample_m0_100m_seed1337_rlb_matrixpolicy_role_depth_v3/rlb_fused_global_rational.jsonl
100000000,dolma_sample,1337,role_depth_v4,4.321208,75.280,24.710,0.461454,71010.347,707595,0,badfellow,abalation/runs/role_depth_v3_v4_e1_e2/E1_matrixpolicy_ablation_role_depth_v4_100m/dolma_sample/E1_matrixpolicy_ablation_role_depth_v4_100m_dolma_sample_m0_100m_seed1337_rlb_matrixpolicy_role_depth_v4/rlb_fused_global_rational.jsonl
100000000,dolma_sample,2027,full,4.331018,76.022,22.439,0.416031,78763.389,,,,experiments/runs/iclr26_main/E1_rational_only_100m/dolma_sample/E1_rational_only_100m_dolma_sample_m0_100m_seed2027_rlb_rational_only_matrixpolicy/rlb_fused_global_rational.jsonl
100000000,dolma_sample,2027,no_role_depth,4.342288,76.883,26.119,0.487734,67184.168,572266,0,ellis-compute-02,abalation/runs/matrixpolicy_ablation_e1_e2/E1_matrixpolicy_ablation_no_role_depth_100m/dolma_sample/E1_matrixpolicy_ablation_no_role_depth_100m_dolma_sample_m0_100m_seed2027_rlb_matrixpolicy_no_role_depth/rlb_fused_global_rational.jsonl
100000000,dolma_sample,2027,role_depth_v2,4.326041,75.644,20.741,0.383953,85343.832,680135,0,elor-compute-01,abalation/runs/role_depth_v2_e1_e2/E1_matrixpolicy_ablation_role_depth_v2_100m/dolma_sample/E1_matrixpolicy_ablation_role_depth_v2_100m_dolma_sample_m0_100m_seed2027_rlb_matrixpolicy_role_depth_v2/rlb_fused_global_rational.jsonl
100000000,dolma_sample,2027,role_depth_v3,4.342515,76.901,24.197,0.448792,73013.757,707581,0,damle-compute-01,abalation/runs/role_depth_v3_v4_e1_e2/E1_matrixpolicy_ablation_role_depth_v3_100m/dolma_sample/E1_matrixpolicy_ablation_role_depth_v3_100m_dolma_sample_m0_100m_seed2027_rlb_matrixpolicy_role_depth_v3/rlb_fused_global_rational.jsonl
100000000,dolma_sample,2027,role_depth_v4,4.331238,76.038,21.620,0.400771,81762.389,707596,0,zabih-compute-01,abalation/runs/role_depth_v3_v4_e1_e2/E1_matrixpolicy_ablation_role_depth_v4_100m/dolma_sample/E1_matrixpolicy_ablation_role_depth_v4_100m_dolma_sample_m0_100m_seed2027_rlb_matrixpolicy_role_depth_v4/rlb_fused_global_rational.jsonl
100000000,dolma_sample,3407,full,4.324468,75.525,24.314,0.453156,72310.607,,,,experiments/runs/iclr26_main/E1_rational_only_100m/dolma_sample/E1_rational_only_100m_dolma_sample_m0_100m_seed3407_rlb_rational_only_matrixpolicy/rlb_fused_global_rational.jsonl
100000000,dolma_sample,3407,no_role_depth,4.338317,76.579,21.083,0.390769,83855.242,572268,0,zabih-compute-01,abalation/runs/matrixpolicy_ablation_e1_e2/E1_matrixpolicy_ablation_no_role_depth_100m/dolma_sample/E1_matrixpolicy_ablation_no_role_depth_100m_dolma_sample_m0_100m_seed3407_rlb_matrixpolicy_no_role_depth/rlb_fused_global_rational.jsonl
100000000,dolma_sample,3407,role_depth_v2,4.321068,75.269,21.572,0.400142,81890.951,680234,0,zabih-compute-01,abalation/runs/role_depth_v2_e1_e2/E1_matrixpolicy_ablation_role_depth_v2_100m/dolma_sample/E1_matrixpolicy_ablation_role_depth_v2_100m_dolma_sample_m0_100m_seed3407_rlb_matrixpolicy_role_depth_v2/rlb_fused_global_rational.jsonl
100000000,dolma_sample,3407,role_depth_v3,4.337494,76.516,25.261,0.472182,69397.042,707582,0,nikola-compute-18,abalation/runs/role_depth_v3_v4_e1_e2/E1_matrixpolicy_ablation_role_depth_v3_100m/dolma_sample/E1_matrixpolicy_ablation_role_depth_v3_100m_dolma_sample_m0_100m_seed3407_rlb_matrixpolicy_role_depth_v3/rlb_fused_global_rational.jsonl
100000000,dolma_sample,3407,role_depth_v4,4.324802,75.551,26.235,0.492264,66565.954,707597,0,nikola-compute-18,abalation/runs/role_depth_v3_v4_e1_e2/E1_matrixpolicy_ablation_role_depth_v4_100m/dolma_sample/E1_matrixpolicy_ablation_role_depth_v4_100m_dolma_sample_m0_100m_seed3407_rlb_matrixpolicy_role_depth_v4/rlb_fused_global_rational.jsonl
100000000,fineweb,1337,full,4.301804,73.833,22.435,0.416286,78715.034,,,,experiments/runs/iclr26_main/E1_rational_only_100m/fineweb/E1_rational_only_100m_fineweb_m0_100m_seed1337_rlb_rational_only_matrixpolicy/rlb_fused_global_rational.jsonl
100000000,fineweb,1337,no_role_depth,4.315967,74.886,21.440,0.397584,82417.841,567152,0,seo-compute-01,abalation/runs/matrixpolicy_ablation_e1_e2/E1_matrixpolicy_ablation_no_role_depth_100m/fineweb/E1_matrixpolicy_ablation_no_role_depth_100m_fineweb_m0_100m_seed1337_rlb_matrixpolicy_no_role_depth/rlb_fused_global_rational.jsonl
100000000,fineweb,1337,role_depth_v2,4.302154,73.859,24.864,0.460408,71171.644,676548,0,damle-compute-01,abalation/runs/role_depth_v2_e1_e2/E1_matrixpolicy_ablation_role_depth_v2_100m/fineweb/E1_matrixpolicy_ablation_role_depth_v2_100m_fineweb_m0_100m_seed1337_rlb_matrixpolicy_role_depth_v2/rlb_fused_global_rational.jsonl
100000000,fineweb,1337,role_depth_v3,4.314709,74.792,25.182,0.470197,69689.991,707433,1,nikola-compute-18,abalation/runs/role_depth_v3_v4_e1_e2/E1_matrixpolicy_ablation_role_depth_v3_100m/fineweb/E1_matrixpolicy_ablation_role_depth_v3_100m_fineweb_m0_100m_seed1337_rlb_matrixpolicy_role_depth_v3/rlb_fused_global_rational.jsonl
100000000,fineweb,1337,role_depth_v4,4.304448,74.028,26.301,0.492863,66484.956,707592,0,nikola-compute-18,abalation/runs/role_depth_v3_v4_e1_e2/E1_matrixpolicy_ablation_role_depth_v4_100m/fineweb/E1_matrixpolicy_ablation_role_depth_v4_100m_fineweb_m0_100m_seed1337_rlb_matrixpolicy_role_depth_v4/rlb_fused_global_rational.jsonl
100000000,fineweb,2027,full,4.324519,75.529,27.847,0.518908,63148.032,,,,experiments/runs/iclr26_main/E1_rational_only_100m/fineweb/E1_rational_only_100m_fineweb_m0_100m_seed2027_rlb_rational_only_matrixpolicy/rlb_fused_global_rational.jsonl
100000000,fineweb,2027,no_role_depth,4.343298,76.961,23.559,0.437565,74887.092,567153,0,damle-compute-01,abalation/runs/matrixpolicy_ablation_e1_e2/E1_matrixpolicy_ablation_no_role_depth_100m/fineweb/E1_matrixpolicy_ablation_no_role_depth_100m_fineweb_m0_100m_seed2027_rlb_matrixpolicy_no_role_depth/rlb_fused_global_rational.jsonl
100000000,fineweb,2027,role_depth_v2,4.323945,75.486,21.601,0.401144,81686.298,676649,0,zabih-compute-01,abalation/runs/role_depth_v2_e1_e2/E1_matrixpolicy_ablation_role_depth_v2_100m/fineweb/E1_matrixpolicy_ablation_role_depth_v2_100m_fineweb_m0_100m_seed2027_rlb_matrixpolicy_role_depth_v2/rlb_fused_global_rational.jsonl
100000000,fineweb,2027,role_depth_v3,4.337168,76.491,25.692,0.480181,68240.990,707454,0,nikola-compute-18,abalation/runs/role_depth_v3_v4_e1_e2/E1_matrixpolicy_ablation_role_depth_v3_100m/fineweb/E1_matrixpolicy_ablation_role_depth_v3_100m_fineweb_m0_100m_seed2027_rlb_matrixpolicy_role_depth_v3/rlb_fused_global_rational.jsonl
100000000,fineweb,2027,role_depth_v4,4.326229,75.658,24.979,0.463445,70705.290,707593,0,damle-compute-01,abalation/runs/role_depth_v3_v4_e1_e2/E1_matrixpolicy_ablation_role_depth_v4_100m/fineweb/E1_matrixpolicy_ablation_role_depth_v4_100m_fineweb_m0_100m_seed2027_rlb_matrixpolicy_role_depth_v4/rlb_fused_global_rational.jsonl
100000000,fineweb,3407,full,4.322407,75.370,22.461,0.416696,78637.710,,,,experiments/runs/iclr26_main/E1_rational_only_100m/fineweb/E1_rational_only_100m_fineweb_m0_100m_seed3407_rlb_rational_only_matrixpolicy/rlb_fused_global_rational.jsonl
100000000,fineweb,3407,no_role_depth,4.336577,76.445,23.666,0.440477,74392.045,572246,0,damle-compute-01,abalation/runs/matrixpolicy_ablation_e1_e2/E1_matrixpolicy_ablation_no_role_depth_100m/fineweb/E1_matrixpolicy_ablation_no_role_depth_100m_fineweb_m0_100m_seed3407_rlb_matrixpolicy_no_role_depth/rlb_fused_global_rational.jsonl
100000000,fineweb,3407,role_depth_v2,4.321065,75.269,20.703,0.383622,85417.524,680015,0,abdelfattah-compute-03,abalation/runs/role_depth_v2_e1_e2/E1_matrixpolicy_ablation_role_depth_v2_100m/fineweb/E1_matrixpolicy_ablation_role_depth_v2_100m_fineweb_m0_100m_seed3407_rlb_matrixpolicy_role_depth_v2/rlb_fused_global_rational.jsonl
100000000,fineweb,3407,role_depth_v3,4.337388,76.507,20.272,0.374375,87527.245,707519,0,elor-compute-01,abalation/runs/role_depth_v3_v4_e1_e2/E1_matrixpolicy_ablation_role_depth_v3_100m/fineweb/E1_matrixpolicy_ablation_role_depth_v3_100m_fineweb_m0_100m_seed3407_rlb_matrixpolicy_role_depth_v3/rlb_fused_global_rational.jsonl
100000000,fineweb,3407,role_depth_v4,4.326502,75.679,20.764,0.384784,85159.446,707594,0,elor-compute-01,abalation/runs/role_depth_v3_v4_e1_e2/E1_matrixpolicy_ablation_role_depth_v4_100m/fineweb/E1_matrixpolicy_ablation_role_depth_v4_100m_fineweb_m0_100m_seed3407_rlb_matrixpolicy_role_depth_v4/rlb_fused_global_rational.jsonl
100000000,fineweb_edu,1337,full,4.089556,59.713,27.678,0.517910,63269.646,,,,experiments/runs/iclr26_main/E1_rational_only_100m/fineweb_edu/E1_rational_only_100m_fineweb_edu_m0_100m_seed1337_rlb_rational_only_matrixpolicy/rlb_fused_global_rational.jsonl
100000000,fineweb_edu,1337,no_role_depth,4.103217,60.535,20.280,0.375533,87257.270,567143,0,seo-compute-01,abalation/runs/matrixpolicy_ablation_e1_e2/E1_matrixpolicy_ablation_no_role_depth_100m/fineweb_edu/E1_matrixpolicy_ablation_no_role_depth_100m_fineweb_edu_m0_100m_seed1337_rlb_matrixpolicy_no_role_depth/rlb_fused_global_rational.jsonl
100000000,fineweb_edu,1337,role_depth_v2,4.087605,59.597,20.881,0.386446,84793.271,676426,0,seo-compute-01,abalation/runs/role_depth_v2_e1_e2/E1_matrixpolicy_ablation_role_depth_v2_100m/fineweb_edu/E1_matrixpolicy_ablation_role_depth_v2_100m_fineweb_edu_m0_100m_seed1337_rlb_matrixpolicy_role_depth_v2/rlb_fused_global_rational.jsonl
100000000,fineweb_edu,1337,role_depth_v3,4.101543,60.433,21.158,0.391285,83744.553,707340,0,zabih-compute-01,abalation/runs/role_depth_v3_v4_e1_e2/E1_matrixpolicy_ablation_role_depth_v3_100m/fineweb_edu/E1_matrixpolicy_ablation_role_depth_v3_100m_fineweb_edu_m0_100m_seed1337_rlb_matrixpolicy_role_depth_v3/rlb_fused_global_rational.jsonl
100000000,fineweb_edu,1337,role_depth_v4,4.092268,59.876,25.070,0.464190,70591.800,707589,0,damle-compute-01,abalation/runs/role_depth_v3_v4_e1_e2/E1_matrixpolicy_ablation_role_depth_v4_100m/fineweb_edu/E1_matrixpolicy_ablation_role_depth_v4_100m_fineweb_edu_m0_100m_seed1337_rlb_matrixpolicy_role_depth_v4/rlb_fused_global_rational.jsonl
100000000,fineweb_edu,2027,full,4.076160,58.919,22.464,0.416287,78714.906,,,,experiments/runs/iclr26_main/E1_rational_only_100m/fineweb_edu/E1_rational_only_100m_fineweb_edu_m0_100m_seed2027_rlb_rational_only_matrixpolicy/rlb_fused_global_rational.jsonl
100000000,fineweb_edu,2027,no_role_depth,4.087354,59.582,22.669,0.420187,77984.295,567144,0,seo-compute-02,abalation/runs/matrixpolicy_ablation_e1_e2/E1_matrixpolicy_ablation_no_role_depth_100m/fineweb_edu/E1_matrixpolicy_ablation_no_role_depth_100m_fineweb_edu_m0_100m_seed2027_rlb_matrixpolicy_no_role_depth/rlb_fused_global_rational.jsonl
100000000,fineweb_edu,2027,role_depth_v2,4.073491,58.762,20.727,0.383810,85375.603,676546,0,abdelfattah-compute-03,abalation/runs/role_depth_v2_e1_e2/E1_matrixpolicy_ablation_role_depth_v2_100m/fineweb_edu/E1_matrixpolicy_ablation_role_depth_v2_100m_fineweb_edu_m0_100m_seed2027_rlb_matrixpolicy_role_depth_v2/rlb_fused_global_rational.jsonl
100000000,fineweb_edu,2027,role_depth_v3,4.088396,59.644,24.433,0.451981,72498.564,707341,0,damle-compute-01,abalation/runs/role_depth_v3_v4_e1_e2/E1_matrixpolicy_ablation_role_depth_v3_100m/fineweb_edu/E1_matrixpolicy_ablation_role_depth_v3_100m_fineweb_edu_m0_100m_seed2027_rlb_matrixpolicy_role_depth_v3/rlb_fused_global_rational.jsonl
100000000,fineweb_edu,2027,role_depth_v4,4.079555,59.119,20.723,0.383719,85395.755,707590,0,elor-compute-01,abalation/runs/role_depth_v3_v4_e1_e2/E1_matrixpolicy_ablation_role_depth_v4_100m/fineweb_edu/E1_matrixpolicy_ablation_role_depth_v4_100m_fineweb_edu_m0_100m_seed2027_rlb_matrixpolicy_role_depth_v4/rlb_fused_global_rational.jsonl
100000000,fineweb_edu,3407,full,4.096164,60.109,27.774,0.517390,63333.270,,,,experiments/runs/iclr26_main/E1_rational_only_100m/fineweb_edu/E1_rational_only_100m_fineweb_edu_m0_100m_seed3407_rlb_rational_only_matrixpolicy/rlb_fused_global_rational.jsonl
100000000,fineweb_edu,3407,no_role_depth,4.104192,60.594,23.456,0.435246,75286.202,567151,0,ellis-compute-02,abalation/runs/matrixpolicy_ablation_e1_e2/E1_matrixpolicy_ablation_no_role_depth_100m/fineweb_edu/E1_matrixpolicy_ablation_no_role_depth_100m_fineweb_edu_m0_100m_seed3407_rlb_matrixpolicy_no_role_depth/rlb_fused_global_rational.jsonl
100000000,fineweb_edu,3407,role_depth_v2,4.094703,60.021,22.090,0.410029,79916.214,676547,0,seo-compute-01,abalation/runs/role_depth_v2_e1_e2/E1_matrixpolicy_ablation_role_depth_v2_100m/fineweb_edu/E1_matrixpolicy_ablation_role_depth_v2_100m_fineweb_edu_m0_100m_seed3407_rlb_matrixpolicy_role_depth_v2/rlb_fused_global_rational.jsonl
100000000,fineweb_edu,3407,role_depth_v3,4.106342,60.724,25.216,0.472520,69347.299,707421,1,nikola-compute-18,abalation/runs/role_depth_v3_v4_e1_e2/E1_matrixpolicy_ablation_role_depth_v3_100m/fineweb_edu/E1_matrixpolicy_ablation_role_depth_v3_100m_fineweb_edu_m0_100m_seed3407_rlb_matrixpolicy_role_depth_v3/rlb_fused_global_rational.jsonl
100000000,fineweb_edu,3407,role_depth_v4,4.097275,60.176,21.469,0.398567,82214.632,707591,0,zabih-compute-01,abalation/runs/role_depth_v3_v4_e1_e2/E1_matrixpolicy_ablation_role_depth_v4_100m/fineweb_edu/E1_matrixpolicy_ablation_role_depth_v4_100m_fineweb_edu_m0_100m_seed3407_rlb_matrixpolicy_role_depth_v4/rlb_fused_global_rational.jsonl
300000000,c4_en,1337,full,3.872497,48.062,62.611,0.387611,84538.427,,,,experiments/runs/iclr26_main/E2_rational_only_300m/c4_en/E2_rational_only_300m_c4_en_m0_300m_seed1337_rlb_rational_only_matrixpolicy/rlb_fused_global_rational.jsonl
300000000,c4_en,1337,no_role_depth,3.879306,48.391,70.961,0.440446,74397.297,590960,0,damle-compute-01,abalation/runs/matrixpolicy_ablation_e1_e2/E2_matrixpolicy_ablation_no_role_depth_300m/c4_en/E2_matrixpolicy_ablation_no_role_depth_300m_c4_en_m0_300m_seed1337_rlb_matrixpolicy_no_role_depth/rlb_fused_global_rational.jsonl
300000000,c4_en,1337,role_depth_v2,3.871967,48.037,64.404,0.399710,81979.488,692795,0,zabih-compute-01,abalation/runs/role_depth_v2_e1_e2/E2_matrixpolicy_ablation_role_depth_v2_300m/c4_en/E2_matrixpolicy_ablation_role_depth_v2_300m_c4_en_m0_300m_seed1337_rlb_matrixpolicy_role_depth_v2/rlb_fused_global_rational.jsonl
300000000,c4_en,1337,role_depth_v3,3.879733,48.411,75.934,0.473808,69158.838,711574,0,nikola-compute-18,abalation/runs/role_depth_v3_v4_e1_e2/E2_matrixpolicy_ablation_role_depth_v3_300m/c4_en/E2_matrixpolicy_ablation_role_depth_v3_300m_c4_en_m0_300m_seed1337_rlb_matrixpolicy_role_depth_v3/rlb_fused_global_rational.jsonl
300000000,c4_en,1337,role_depth_v4,3.873733,48.122,73.255,0.455178,71989.489,712417,0,damle-compute-01,abalation/runs/role_depth_v3_v4_e1_e2/E2_matrixpolicy_ablation_role_depth_v4_300m/c4_en/E2_matrixpolicy_ablation_role_depth_v4_300m_c4_en_m0_300m_seed1337_rlb_matrixpolicy_role_depth_v4/rlb_fused_global_rational.jsonl
300000000,c4_en,2027,full,3.894042,49.109,67.572,0.418483,78301.834,986795,0,lancer-compute-01,experiments/runs/iclr26_main/E2_rational_only_300m/c4_en/E2_rational_only_300m_c4_en_m0_300m_seed2027_rlb_rational_only_matrixpolicy/rlb_fused_global_rational.jsonl
300000000,c4_en,2027,no_role_depth,3.895599,49.185,68.324,0.423224,77424.642,567326,0,seo-compute-02,abalation/runs/matrixpolicy_ablation_e1_e2/E2_matrixpolicy_ablation_no_role_depth_300m/c4_en/E2_matrixpolicy_ablation_no_role_depth_300m_c4_en_m0_300m_seed2027_rlb_matrixpolicy_no_role_depth/rlb_fused_global_rational.jsonl
300000000,c4_en,2027,role_depth_v2,3.892136,49.015,66.143,0.409978,79926.154,693028,0,seo-compute-01,abalation/runs/role_depth_v2_e1_e2/E2_matrixpolicy_ablation_role_depth_v2_300m/c4_en/E2_matrixpolicy_ablation_role_depth_v2_300m_c4_en_m0_300m_seed2027_rlb_matrixpolicy_role_depth_v2/rlb_fused_global_rational.jsonl
300000000,c4_en,2027,role_depth_v3,3.899324,49.369,71.778,0.442502,74051.668,711612,0,damle-compute-01,abalation/runs/role_depth_v3_v4_e1_e2/E2_matrixpolicy_ablation_role_depth_v3_300m/c4_en/E2_matrixpolicy_ablation_role_depth_v3_300m_c4_en_m0_300m_seed2027_rlb_matrixpolicy_role_depth_v3/rlb_fused_global_rational.jsonl
300000000,c4_en,2027,role_depth_v4,3.893160,49.066,64.467,0.400259,81866.891,712418,0,zabih-compute-01,abalation/runs/role_depth_v3_v4_e1_e2/E2_matrixpolicy_ablation_role_depth_v4_300m/c4_en/E2_matrixpolicy_ablation_role_depth_v4_300m_c4_en_m0_300m_seed2027_rlb_matrixpolicy_role_depth_v4/rlb_fused_global_rational.jsonl
300000000,c4_en,3407,full,3.866602,47.780,62.489,0.386822,84710.784,,,,experiments/runs/iclr26_main/E2_rational_only_300m/c4_en/E2_rational_only_300m_c4_en_m0_300m_seed3407_rlb_rational_only_matrixpolicy/rlb_fused_global_rational.jsonl
300000000,c4_en,3407,no_role_depth,3.870083,47.946,71.045,0.441035,74297.984,567329,0,ellis-compute-02,abalation/runs/matrixpolicy_ablation_e1_e2/E2_matrixpolicy_ablation_no_role_depth_300m/c4_en/E2_matrixpolicy_ablation_no_role_depth_300m_c4_en_m0_300m_seed3407_rlb_matrixpolicy_no_role_depth/rlb_fused_global_rational.jsonl
300000000,c4_en,3407,role_depth_v2,3.866915,47.795,93.120,0.575240,56964.045,676321,0,ellis-compute-02,abalation/runs/role_depth_v2_e1_e2/E2_matrixpolicy_ablation_role_depth_v2_300m/c4_en/E2_matrixpolicy_ablation_role_depth_v2_300m_c4_en_m0_300m_seed3407_rlb_matrixpolicy_role_depth_v2/rlb_fused_global_rational.jsonl
300000000,c4_en,3407,role_depth_v3,3.872825,48.078,72.559,0.451036,72650.494,711819,0,badfellow,abalation/runs/role_depth_v3_v4_e1_e2/E2_matrixpolicy_ablation_role_depth_v3_300m/c4_en/E2_matrixpolicy_ablation_role_depth_v3_300m_c4_en_m0_300m_seed3407_rlb_matrixpolicy_role_depth_v3/rlb_fused_global_rational.jsonl
300000000,c4_en,3407,role_depth_v4,3.867175,47.807,61.781,0.382862,85586.968,707311,0,elor-compute-01,abalation/runs/role_depth_v3_v4_e1_e2/E2_matrixpolicy_ablation_role_depth_v4_300m/c4_en/E2_matrixpolicy_ablation_role_depth_v4_300m_c4_en_m0_300m_seed3407_rlb_matrixpolicy_role_depth_v4/rlb_fused_global_rational.jsonl
300000000,dclm,1337,full,3.958206,52.363,73.189,0.456320,71809.257,,,,experiments/runs/iclr26_main/E2_rational_only_300m/dclm/E2_rational_only_300m_dclm_m0_300m_seed1337_rlb_rational_only_matrixpolicy/rlb_fused_global_rational.jsonl
300000000,dclm,1337,no_role_depth,3.963464,52.639,64.231,0.398106,82309.758,580835,0,seo-compute-01,abalation/runs/matrixpolicy_ablation_e1_e2/E2_matrixpolicy_ablation_no_role_depth_300m/dclm/E2_matrixpolicy_ablation_no_role_depth_300m_dclm_m0_300m_seed1337_rlb_matrixpolicy_no_role_depth/rlb_fused_global_rational.jsonl
300000000,dclm,1337,role_depth_v2,3.957419,52.322,89.778,0.555148,59025.714,681202,0,ellis-compute-02,abalation/runs/role_depth_v2_e1_e2/E2_matrixpolicy_ablation_role_depth_v2_300m/dclm/E2_matrixpolicy_ablation_role_depth_v2_300m_dclm_m0_300m_seed1337_rlb_matrixpolicy_role_depth_v2/rlb_fused_global_rational.jsonl
300000000,dclm,1337,role_depth_v3,3.965834,52.764,62.903,0.389881,84046.194,708631,0,zabih-compute-01,abalation/runs/role_depth_v3_v4_e1_e2/E2_matrixpolicy_ablation_role_depth_v3_300m/dclm/E2_matrixpolicy_ablation_role_depth_v3_300m_dclm_m0_300m_seed1337_rlb_matrixpolicy_role_depth_v3/rlb_fused_global_rational.jsonl
300000000,dclm,1337,role_depth_v4,3.959833,52.449,64.029,0.396719,82597.488,711949,0,zabih-compute-01,abalation/runs/role_depth_v3_v4_e1_e2/E2_matrixpolicy_ablation_role_depth_v4_300m/dclm/E2_matrixpolicy_ablation_role_depth_v4_300m_dclm_m0_300m_seed1337_rlb_matrixpolicy_role_depth_v4/rlb_fused_global_rational.jsonl
300000000,dclm,2027,full,3.976248,53.317,67.238,0.416885,78601.928,,,,experiments/runs/iclr26_main/E2_rational_only_300m/dclm/E2_rational_only_300m_dclm_m0_300m_seed2027_rlb_rational_only_matrixpolicy/rlb_fused_global_rational.jsonl
300000000,dclm,2027,no_role_depth,3.981735,53.610,59.986,0.370907,88345.635,581096,0,abdelfattah-compute-03,abalation/runs/matrixpolicy_ablation_e1_e2/E2_matrixpolicy_ablation_no_role_depth_300m/dclm/E2_matrixpolicy_ablation_no_role_depth_300m_dclm_m0_300m_seed2027_rlb_matrixpolicy_no_role_depth/rlb_fused_global_rational.jsonl
300000000,dclm,2027,role_depth_v2,3.976169,53.312,61.834,0.382750,85611.969,683425,0,abdelfattah-compute-03,abalation/runs/role_depth_v2_e1_e2/E2_matrixpolicy_ablation_role_depth_v2_300m/dclm/E2_matrixpolicy_ablation_role_depth_v2_300m_dclm_m0_300m_seed2027_rlb_matrixpolicy_role_depth_v2/rlb_fused_global_rational.jsonl
300000000,dclm,2027,role_depth_v3,3.983419,53.700,75.951,0.473698,69174.933,708908,0,nikola-compute-18,abalation/runs/role_depth_v3_v4_e1_e2/E2_matrixpolicy_ablation_role_depth_v3_300m/dclm/E2_matrixpolicy_ablation_role_depth_v3_300m_dclm_m0_300m_seed2027_rlb_matrixpolicy_role_depth_v3/rlb_fused_global_rational.jsonl
300000000,dclm,2027,role_depth_v4,3.977648,53.391,61.955,0.383508,85442.796,711995,0,elor-compute-01,abalation/runs/role_depth_v3_v4_e1_e2/E2_matrixpolicy_ablation_role_depth_v4_300m/dclm/E2_matrixpolicy_ablation_role_depth_v4_300m_dclm_m0_300m_seed2027_rlb_matrixpolicy_role_depth_v4/rlb_fused_global_rational.jsonl
300000000,dclm,3407,full,3.921018,50.452,62.710,0.388890,84260.399,,,,experiments/runs/iclr26_main/E2_rational_only_300m/dclm/E2_rational_only_300m_dclm_m0_300m_seed3407_rlb_rational_only_matrixpolicy/rlb_fused_global_rational.jsonl
300000000,dclm,3407,no_role_depth,3.919964,50.399,71.185,0.442450,74060.352,581097,0,damle-compute-01,abalation/runs/matrixpolicy_ablation_e1_e2/E2_matrixpolicy_ablation_no_role_depth_300m/dclm/E2_matrixpolicy_ablation_no_role_depth_300m_dclm_m0_300m_seed3407_rlb_matrixpolicy_no_role_depth/rlb_fused_global_rational.jsonl
300000000,dclm,3407,role_depth_v2,3.918031,50.301,62.414,0.386809,84713.667,683426,0,seo-compute-01,abalation/runs/role_depth_v2_e1_e2/E2_matrixpolicy_ablation_role_depth_v2_300m/dclm/E2_matrixpolicy_ablation_role_depth_v2_300m_dclm_m0_300m_seed3407_rlb_matrixpolicy_role_depth_v2/rlb_fused_global_rational.jsonl
300000000,dclm,3407,role_depth_v3,3.923639,50.584,60.237,0.372392,87993.254,708927,0,elor-compute-01,abalation/runs/role_depth_v3_v4_e1_e2/E2_matrixpolicy_ablation_role_depth_v3_300m/dclm/E2_matrixpolicy_ablation_role_depth_v3_300m_dclm_m0_300m_seed3407_rlb_matrixpolicy_role_depth_v3/rlb_fused_global_rational.jsonl
300000000,dclm,3407,role_depth_v4,3.917763,50.288,73.089,0.453633,72234.573,712040,0,damle-compute-01,abalation/runs/role_depth_v3_v4_e1_e2/E2_matrixpolicy_ablation_role_depth_v4_300m/dclm/E2_matrixpolicy_ablation_role_depth_v4_300m_dclm_m0_300m_seed3407_rlb_matrixpolicy_role_depth_v4/rlb_fused_global_rational.jsonl
300000000,dolma_sample,1337,full,3.811364,45.212,68.176,0.421687,77706.922,,,,experiments/runs/iclr26_main/E2_rational_only_300m/dolma_sample/E2_rational_only_300m_dolma_sample_m0_300m_seed1337_rlb_rational_only_matrixpolicy/rlb_fused_global_rational.jsonl
300000000,dolma_sample,1337,no_role_depth,3.813376,45.303,64.234,0.398133,82304.116,589107,0,seo-compute-01,abalation/runs/matrixpolicy_ablation_e1_e2/E2_matrixpolicy_ablation_no_role_depth_300m/dolma_sample/E2_matrixpolicy_ablation_no_role_depth_300m_dolma_sample_m0_300m_seed1337_rlb_matrixpolicy_no_role_depth/rlb_fused_global_rational.jsonl
300000000,dolma_sample,1337,role_depth_v2,3.807139,45.021,62.220,0.385416,85019.751,692065,2,elor-compute-01,abalation/runs/role_depth_v2_e1_e2/E2_matrixpolicy_ablation_role_depth_v2_300m/dolma_sample/E2_matrixpolicy_ablation_role_depth_v2_300m_dolma_sample_m0_300m_seed1337_rlb_matrixpolicy_role_depth_v2/rlb_fused_global_rational.jsonl
300000000,dolma_sample,1337,role_depth_v3,3.815201,45.386,72.379,0.450171,72790.095,710632,0,badfellow,abalation/runs/role_depth_v3_v4_e1_e2/E2_matrixpolicy_ablation_role_depth_v3_300m/dolma_sample/E2_matrixpolicy_ablation_role_depth_v3_300m_dolma_sample_m0_300m_seed1337_rlb_matrixpolicy_role_depth_v3/rlb_fused_global_rational.jsonl
300000000,dolma_sample,1337,role_depth_v4,3.809066,45.108,75.421,0.470733,69610.515,712235,0,badfellow,abalation/runs/role_depth_v3_v4_e1_e2/E2_matrixpolicy_ablation_role_depth_v4_300m/dolma_sample/E2_matrixpolicy_ablation_role_depth_v4_300m_dolma_sample_m0_300m_seed1337_rlb_matrixpolicy_role_depth_v4/rlb_fused_global_rational.jsonl
300000000,dolma_sample,2027,full,3.809262,45.117,62.471,0.387134,84642.550,,,,experiments/runs/iclr26_main/E2_rational_only_300m/dolma_sample/E2_rational_only_300m_dolma_sample_m0_300m_seed2027_rlb_rational_only_matrixpolicy/rlb_fused_global_rational.jsonl
300000000,dolma_sample,2027,no_role_depth,3.813421,45.305,64.146,0.397584,82417.824,567313,0,seo-compute-01,abalation/runs/matrixpolicy_ablation_e1_e2/E2_matrixpolicy_ablation_no_role_depth_300m/dolma_sample/E2_matrixpolicy_ablation_no_role_depth_300m_dolma_sample_m0_300m_seed2027_rlb_matrixpolicy_no_role_depth/rlb_fused_global_rational.jsonl
300000000,dolma_sample,2027,role_depth_v2,3.806386,44.988,62.542,0.387860,84484.184,692213,0,seo-compute-01,abalation/runs/role_depth_v2_e1_e2/E2_matrixpolicy_ablation_role_depth_v2_300m/dolma_sample/E2_matrixpolicy_ablation_role_depth_v2_300m_dolma_sample_m0_300m_seed2027_rlb_matrixpolicy_role_depth_v2/rlb_fused_global_rational.jsonl
300000000,dolma_sample,2027,role_depth_v3,3.817363,45.484,63.090,0.389714,84082.187,711103,0,zabih-compute-01,abalation/runs/role_depth_v3_v4_e1_e2/E2_matrixpolicy_ablation_role_depth_v3_300m/dolma_sample/E2_matrixpolicy_ablation_role_depth_v3_300m_dolma_sample_m0_300m_seed2027_rlb_matrixpolicy_role_depth_v3/rlb_fused_global_rational.jsonl
300000000,dolma_sample,2027,role_depth_v4,3.808569,45.086,64.461,0.399416,82039.744,712240,0,zabih-compute-01,abalation/runs/role_depth_v3_v4_e1_e2/E2_matrixpolicy_ablation_role_depth_v4_300m/dolma_sample/E2_matrixpolicy_ablation_role_depth_v4_300m_dolma_sample_m0_300m_seed2027_rlb_matrixpolicy_role_depth_v4/rlb_fused_global_rational.jsonl
300000000,dolma_sample,3407,full,3.797840,44.605,90.652,0.571213,57365.658,986794,0,lil-compute-04,experiments/runs/iclr26_main/E2_rational_only_300m/dolma_sample/E2_rational_only_300m_dolma_sample_m0_300m_seed3407_rlb_rational_only_matrixpolicy/rlb_fused_global_rational.jsonl
300000000,dolma_sample,3407,no_role_depth,3.801430,44.765,59.929,0.370751,88382.848,589462,0,abdelfattah-compute-03,abalation/runs/matrixpolicy_ablation_e1_e2/E2_matrixpolicy_ablation_no_role_depth_300m/dolma_sample/E2_matrixpolicy_ablation_no_role_depth_300m_dolma_sample_m0_300m_seed3407_rlb_matrixpolicy_no_role_depth/rlb_fused_global_rational.jsonl
300000000,dolma_sample,3407,role_depth_v2,3.798095,44.616,62.321,0.386150,84858.166,692298,0,elor-compute-01,abalation/runs/role_depth_v2_e1_e2/E2_matrixpolicy_ablation_role_depth_v2_300m/dolma_sample/E2_matrixpolicy_ablation_role_depth_v2_300m_dolma_sample_m0_300m_seed3407_rlb_matrixpolicy_role_depth_v2/rlb_fused_global_rational.jsonl
300000000,dolma_sample,3407,role_depth_v3,3.802134,44.797,60.434,0.372811,87894.456,711306,0,elor-compute-01,abalation/runs/role_depth_v3_v4_e1_e2/E2_matrixpolicy_ablation_role_depth_v3_300m/dolma_sample/E2_matrixpolicy_ablation_role_depth_v3_300m_dolma_sample_m0_300m_seed3407_rlb_matrixpolicy_role_depth_v3/rlb_fused_global_rational.jsonl
300000000,dolma_sample,3407,role_depth_v4,3.796174,44.530,62.590,0.387829,84490.939,712243,0,elor-compute-01,abalation/runs/role_depth_v3_v4_e1_e2/E2_matrixpolicy_ablation_role_depth_v4_300m/dolma_sample/E2_matrixpolicy_ablation_role_depth_v4_300m_dolma_sample_m0_300m_seed3407_rlb_matrixpolicy_role_depth_v4/rlb_fused_global_rational.jsonl
300000000,fineweb,1337,full,3.971449,53.061,67.680,0.419443,78122.689,986793,0,lancer-compute-01,experiments/runs/iclr26_main/E2_rational_only_300m/fineweb/E2_rational_only_300m_fineweb_m0_300m_seed1337_rlb_rational_only_matrixpolicy/rlb_fused_global_rational.jsonl
300000000,fineweb,1337,no_role_depth,3.975923,53.299,60.794,0.376020,87144.358,567306,0,abdelfattah-compute-03,abalation/runs/matrixpolicy_ablation_e1_e2/E2_matrixpolicy_ablation_no_role_depth_300m/fineweb/E2_matrixpolicy_ablation_no_role_depth_300m_fineweb_m0_300m_seed1337_rlb_matrixpolicy_no_role_depth/rlb_fused_global_rational.jsonl
300000000,fineweb,1337,role_depth_v2,3.967865,52.872,75.040,0.465579,70381.193,683746,0,damle-compute-01,abalation/runs/role_depth_v2_e1_e2/E2_matrixpolicy_ablation_role_depth_v2_300m/fineweb/E2_matrixpolicy_ablation_role_depth_v2_300m_fineweb_m0_300m_seed1337_rlb_matrixpolicy_role_depth_v2/rlb_fused_global_rational.jsonl
300000000,fineweb,1337,role_depth_v3,3.975541,53.279,60.551,0.374122,87586.428,710329,0,elor-compute-01,abalation/runs/role_depth_v3_v4_e1_e2/E2_matrixpolicy_ablation_role_depth_v3_300m/fineweb/E2_matrixpolicy_ablation_role_depth_v3_300m_fineweb_m0_300m_seed1337_rlb_matrixpolicy_role_depth_v3/rlb_fused_global_rational.jsonl
300000000,fineweb,1337,role_depth_v4,3.968696,52.915,61.886,0.383594,85423.699,712084,0,elor-compute-01,abalation/runs/role_depth_v3_v4_e1_e2/E2_matrixpolicy_ablation_role_depth_v4_300m/fineweb/E2_matrixpolicy_ablation_role_depth_v4_300m_fineweb_m0_300m_seed1337_rlb_matrixpolicy_role_depth_v4/rlb_fused_global_rational.jsonl
300000000,fineweb,2027,full,3.956068,52.251,67.238,0.416787,78620.503,,,,experiments/runs/iclr26_main/E2_rational_only_300m/fineweb/E2_rational_only_300m_fineweb_m0_300m_seed2027_rlb_rational_only_matrixpolicy/rlb_fused_global_rational.jsonl
300000000,fineweb,2027,no_role_depth,3.957673,52.335,60.675,0.375598,87242.193,567307,0,seo-compute-01,abalation/runs/matrixpolicy_ablation_e1_e2/E2_matrixpolicy_ablation_no_role_depth_300m/fineweb/E2_matrixpolicy_ablation_no_role_depth_300m_fineweb_m0_300m_seed2027_rlb_matrixpolicy_no_role_depth/rlb_fused_global_rational.jsonl
300000000,fineweb,2027,role_depth_v2,3.955463,52.220,75.354,0.467912,70030.254,683990,1,damle-compute-01,abalation/runs/role_depth_v2_e1_e2/E2_matrixpolicy_ablation_role_depth_v2_300m/fineweb/E2_matrixpolicy_ablation_role_depth_v2_300m_fineweb_m0_300m_seed2027_rlb_matrixpolicy_role_depth_v2/rlb_fused_global_rational.jsonl
300000000,fineweb,2027,role_depth_v3,3.962711,52.600,75.692,0.473378,69221.649,710462,0,nikola-compute-18,abalation/runs/role_depth_v3_v4_e1_e2/E2_matrixpolicy_ablation_role_depth_v3_300m/fineweb/E2_matrixpolicy_ablation_role_depth_v3_300m_fineweb_m0_300m_seed2027_rlb_matrixpolicy_role_depth_v3/rlb_fused_global_rational.jsonl
300000000,fineweb,2027,role_depth_v4,3.956404,52.269,73.556,0.455934,71870.123,712215,0,damle-compute-01,abalation/runs/role_depth_v3_v4_e1_e2/E2_matrixpolicy_ablation_role_depth_v4_300m/fineweb/E2_matrixpolicy_ablation_role_depth_v4_300m_fineweb_m0_300m_seed2027_rlb_matrixpolicy_role_depth_v4/rlb_fused_global_rational.jsonl
300000000,fineweb,3407,full,3.959455,52.429,62.507,0.387051,84660.612,,,,experiments/runs/iclr26_main/E2_rational_only_300m/fineweb/E2_rational_only_300m_fineweb_m0_300m_seed3407_rlb_rational_only_matrixpolicy/rlb_fused_global_rational.jsonl
300000000,fineweb,3407,no_role_depth,3.959790,52.446,62.757,0.388680,84305.783,583147,0,zabih-compute-01,abalation/runs/matrixpolicy_ablation_e1_e2/E2_matrixpolicy_ablation_no_role_depth_300m/fineweb/E2_matrixpolicy_ablation_no_role_depth_300m_fineweb_m0_300m_seed3407_rlb_matrixpolicy_no_role_depth/rlb_fused_global_rational.jsonl
300000000,fineweb,3407,role_depth_v2,3.955012,52.196,74.916,0.466755,70203.885,688601,0,badfellow,abalation/runs/role_depth_v2_e1_e2/E2_matrixpolicy_ablation_role_depth_v2_300m/fineweb/E2_matrixpolicy_ablation_role_depth_v2_300m_fineweb_m0_300m_seed3407_rlb_matrixpolicy_role_depth_v2/rlb_fused_global_rational.jsonl
300000000,fineweb,3407,role_depth_v3,3.966300,52.789,71.518,0.444697,73686.117,710568,0,damle-compute-01,abalation/runs/role_depth_v3_v4_e1_e2/E2_matrixpolicy_ablation_role_depth_v3_300m/fineweb/E2_matrixpolicy_ablation_role_depth_v3_300m_fineweb_m0_300m_seed3407_rlb_matrixpolicy_role_depth_v3/rlb_fused_global_rational.jsonl
300000000,fineweb,3407,role_depth_v4,3.959795,52.447,77.549,0.485927,67433.991,712229,0,nikola-compute-18,abalation/runs/role_depth_v3_v4_e1_e2/E2_matrixpolicy_ablation_role_depth_v4_300m/fineweb/E2_matrixpolicy_ablation_role_depth_v4_300m_fineweb_m0_300m_seed3407_rlb_matrixpolicy_role_depth_v4/rlb_fused_global_rational.jsonl
300000000,fineweb_edu,1337,full,3.682155,39.732,67.146,0.416454,78683.340,,,,experiments/runs/iclr26_main/E2_rational_only_300m/fineweb_edu/E2_rational_only_300m_fineweb_edu_m0_300m_seed1337_rlb_rational_only_matrixpolicy/rlb_fused_global_rational.jsonl
300000000,fineweb_edu,1337,no_role_depth,3.686514,39.905,72.770,0.452840,72361.038,581530,0,badfellow,abalation/runs/matrixpolicy_ablation_e1_e2/E2_matrixpolicy_ablation_no_role_depth_300m/fineweb_edu/E2_matrixpolicy_ablation_no_role_depth_300m_fineweb_edu_m0_300m_seed1337_rlb_matrixpolicy_no_role_depth/rlb_fused_global_rational.jsonl
300000000,fineweb_edu,1337,role_depth_v2,3.682478,39.745,62.302,0.386029,84884.725,683525,0,elor-compute-01,abalation/runs/role_depth_v2_e1_e2/E2_matrixpolicy_ablation_role_depth_v2_300m/fineweb_edu/E2_matrixpolicy_ablation_role_depth_v2_300m_fineweb_edu_m0_300m_seed1337_rlb_matrixpolicy_role_depth_v2/rlb_fused_global_rational.jsonl
300000000,fineweb_edu,1337,role_depth_v3,3.689687,40.032,71.693,0.444931,73647.297,708967,0,damle-compute-01,abalation/runs/role_depth_v3_v4_e1_e2/E2_matrixpolicy_ablation_role_depth_v3_300m/fineweb_edu/E2_matrixpolicy_ablation_role_depth_v3_300m_fineweb_edu_m0_300m_seed1337_rlb_matrixpolicy_role_depth_v3/rlb_fused_global_rational.jsonl
300000000,fineweb_edu,1337,role_depth_v4,3.682187,39.733,77.458,0.483972,67706.350,712042,0,nikola-compute-18,abalation/runs/role_depth_v3_v4_e1_e2/E2_matrixpolicy_ablation_role_depth_v4_300m/fineweb_edu/E2_matrixpolicy_ablation_role_depth_v4_300m_fineweb_edu_m0_300m_seed1337_rlb_matrixpolicy_role_depth_v4/rlb_fused_global_rational.jsonl
300000000,fineweb_edu,2027,full,3.724200,41.438,62.605,0.388469,84351.646,,,,experiments/runs/iclr26_main/E2_rational_only_300m/fineweb_edu/E2_rational_only_300m_fineweb_edu_m0_300m_seed2027_rlb_rational_only_matrixpolicy/rlb_fused_global_rational.jsonl
300000000,fineweb_edu,2027,no_role_depth,3.726672,41.541,60.605,0.375264,87319.937,582320,0,seo-compute-01,abalation/runs/matrixpolicy_ablation_e1_e2/E2_matrixpolicy_ablation_no_role_depth_300m/fineweb_edu/E2_matrixpolicy_ablation_no_role_depth_300m_fineweb_edu_m0_300m_seed2027_rlb_matrixpolicy_no_role_depth/rlb_fused_global_rational.jsonl
300000000,fineweb_edu,2027,role_depth_v2,3.723991,41.429,64.732,0.401151,81684.872,683639,0,zabih-compute-01,abalation/runs/role_depth_v2_e1_e2/E2_matrixpolicy_ablation_role_depth_v2_300m/fineweb_edu/E2_matrixpolicy_ablation_role_depth_v2_300m_fineweb_edu_m0_300m_seed2027_rlb_matrixpolicy_role_depth_v2/rlb_fused_global_rational.jsonl
300000000,fineweb_edu,2027,role_depth_v3,3.731758,41.752,71.995,0.447736,73185.984,708988,0,badfellow,abalation/runs/role_depth_v3_v4_e1_e2/E2_matrixpolicy_ablation_role_depth_v3_300m/fineweb_edu/E2_matrixpolicy_ablation_role_depth_v3_300m_fineweb_edu_m0_300m_seed2027_rlb_matrixpolicy_role_depth_v3/rlb_fused_global_rational.jsonl
300000000,fineweb_edu,2027,role_depth_v4,3.724031,41.431,74.333,0.461763,70962.819,712050,0,badfellow,abalation/runs/role_depth_v3_v4_e1_e2/E2_matrixpolicy_ablation_role_depth_v4_300m/fineweb_edu/E2_matrixpolicy_ablation_role_depth_v4_300m_fineweb_edu_m0_300m_seed2027_rlb_matrixpolicy_role_depth_v4/rlb_fused_global_rational.jsonl
300000000,fineweb_edu,3407,full,3.698196,40.374,67.079,0.416037,78762.159,,,,experiments/runs/iclr26_main/E2_rational_only_300m/fineweb_edu/E2_rational_only_300m_fineweb_edu_m0_300m_seed3407_rlb_rational_only_matrixpolicy/rlb_fused_global_rational.jsonl
300000000,fineweb_edu,3407,no_role_depth,3.699058,40.409,82.964,0.517803,63282.725,582856,0,ellis-compute-02,abalation/runs/matrixpolicy_ablation_e1_e2/E2_matrixpolicy_ablation_no_role_depth_300m/fineweb_edu/E2_matrixpolicy_ablation_no_role_depth_300m_fineweb_edu_m0_300m_seed3407_rlb_matrixpolicy_no_role_depth/rlb_fused_global_rational.jsonl
300000000,fineweb_edu,3407,role_depth_v2,3.695073,40.248,66.222,0.410824,79761.587,683695,0,seo-compute-01,abalation/runs/role_depth_v2_e1_e2/E2_matrixpolicy_ablation_role_depth_v2_300m/fineweb_edu/E2_matrixpolicy_ablation_role_depth_v2_300m_fineweb_edu_m0_300m_seed3407_rlb_matrixpolicy_role_depth_v2/rlb_fused_global_rational.jsonl
300000000,fineweb_edu,3407,role_depth_v3,3.702060,40.531,62.892,0.389762,84071.901,710022,0,zabih-compute-01,abalation/runs/role_depth_v3_v4_e1_e2/E2_matrixpolicy_ablation_role_depth_v3_300m/fineweb_edu/E2_matrixpolicy_ablation_role_depth_v3_300m_fineweb_edu_m0_300m_seed3407_rlb_matrixpolicy_role_depth_v3/rlb_fused_global_rational.jsonl
300000000,fineweb_edu,3407,role_depth_v4,3.697953,40.365,64.522,0.400230,81873.021,712076,0,zabih-compute-01,abalation/runs/role_depth_v3_v4_e1_e2/E2_matrixpolicy_ablation_role_depth_v4_300m/fineweb_edu/E2_matrixpolicy_ablation_role_depth_v4_300m_fineweb_edu_m0_300m_seed3407_rlb_matrixpolicy_role_depth_v4/rlb_fused_global_rational.jsonl
