task,step,best_method,best_loss,best_ppl,silu_adamw_loss,silu_adamw_ppl,delta_loss_vs_silu_adamw,delta_ppl_vs_silu_adamw
Code,250,RLB MatrixPolicy group-stat,0.16608446836471558,1.1806728270143627,0.4894524812698364,1.6314227408719906,-0.32336801290512085,-0.45074991385762786
Code,500,RLB+Muon,0.12804317474365234,1.1366020741409149,0.13869225978851318,1.1487705227178102,-0.01064908504486084,-0.012168448576895363
Code,750,RLB+AdamW,0.102543905377388,1.1079859473830584,0.1034984141588211,1.109044034595974,-0.0009545087814331055,-0.0010580872129155594
Symbolic,250,RLB MatrixPolicy,0.04872281104326248,1.0499292815991015,0.06092766299843788,1.062822030047597,-0.0122048519551754,-0.012892748448495528
Symbolic,500,RLB+AdamW,0.042278267443180084,1.0431847227117215,0.044457338750362396,1.0454603751130334,-0.002179071307182312,-0.0022756524013118895
Symbolic,750,RLB MatrixPolicy group-stat,0.03998815268278122,1.0407984434500248,0.043196264654397964,1.044142803068221,-0.003208111971616745,-0.0033443596181961244
Reasoning mix,250,RLB MatrixPolicy,0.3449885845184326,1.4119738012147578,0.41268137097358704,1.5108635442508997,-0.06769278645515442,-0.09888974303614195
Reasoning mix,500,RLB MatrixPolicy group-stat,0.21074101328849792,1.2345925705833163,0.22190241515636444,1.2484495421663622,-0.011161401867866516,-0.013856971583045885
Reasoning mix,750,RLB MatrixPolicy group-stat,0.1685776561498642,1.1836201386589236,0.1769191026687622,1.1935345354629037,-0.00834144651889801,-0.009914396803980097
