phase,dataset,method,method_label,activation,optimizer,rows,train_events,logged_forward_backward_seconds_mean,logged_forward_backward_seconds_std,logged_optimizer_step_seconds_mean,logged_optimizer_step_seconds_std,seconds_per_step_mean,tokens_per_second_mean,logged_forward_backward_fraction_of_recent_step,logged_optimizer_fraction_of_recent_step
E1_m0_100m,c4_en,rlb_adamw,RLB+AdamW,rlb_fused_fixed_strong_ffn,adamw,3,918,0.49643972,0.091876361,0.015281944,0.0020709599,0.51601964,64216.576,0.96205585,0.029615043
E1_m0_100m,c4_en,rlb_ademamix,RLB+ADeMaMix,rlb_fused_fixed_strong_ffn,ademamix,3,918,0.49584606,0.094686486,0.026832434,0.00090771483,0.52691488,62964.754,0.94103636,0.050923659
E1_m0_100m,c4_en,rlb_came,RLB+CAME,rlb_fused_fixed_strong_ffn,adafactor_came,3,918,0.49537909,0.092980604,0.057688849,0.0018289848,0.55735124,59391.591,0.88880953,0.10350538
E1_m0_100m,c4_en,rlb_lion,RLB+Lion,rlb_fused_fixed_strong_ffn,lion,3,918,0.49523595,0.092833241,0.0134612,5.3693283e-05,0.51289597,64644.183,0.96556803,0.026245479
E1_m0_100m,c4_en,rlb_matrixpolicy_original,RLB+MatrixPolicy,rlb_fused_fixed_strong_ffn,rational_matrix_policy_onpolicy,3,918,0.45994602,0.086417016,0.10342023,0.0095342274,0.52934438,62690.012,0.86889752,0.19537419
E1_m0_100m,c4_en,rlb_muon,RLB+Muon,rlb_fused_fixed_strong_ffn,muon,3,918,0.49665388,0.093301867,0.047447362,0.010318553,0.54821463,60440.971,0.90594786,0.086548879
E1_m0_100m,c4_en,rlb_schedulefree,RLB+ScheduleFree,rlb_fused_fixed_strong_ffn,schedule_free_adamw,3,918,0.495713,0.093248842,0.021197201,0.001128053,0.5210849,63628.583,0.95130947,0.040678977
E1_m0_100m,c4_en,rlb_soap,RLB+SOAP,rlb_fused_fixed_strong_ffn,soap_adamw,3,918,0.49549059,0.093352829,0.064475173,0.081559848,0.5280919,62850.924,0.93826585,0.12209082
E1_m0_100m,c4_en,silu_adamw,SiLU+AdamW,silu,adamw,3,918,0.41076641,0.064885823,0.015321092,0.002098446,0.42942043,77908.118,0.95656002,0.035678535
E1_m0_100m,c4_en,silu_ademamix,SiLU+ADeMaMix,silu,ademamix,3,918,0.40960098,0.068726243,0.02541486,0.00085714876,0.43823518,76463.408,0.9346602,0.057993655
E1_m0_100m,c4_en,silu_came,SiLU+CAME,silu,adafactor_came,3,918,0.41066164,0.067894924,0.050965206,0.0017500967,0.46498524,71860.053,0.88317135,0.10960607
E1_m0_100m,c4_en,silu_lion,SiLU+Lion,silu,lion,3,918,0.40877489,0.067264064,0.013047671,5.316534e-05,0.42501562,78856.401,0.96178794,0.030699275
E1_m0_100m,c4_en,silu_muon,SiLU+Muon,silu,muon,3,918,0.41111313,0.066338509,0.051817922,0.01038586,0.46622075,71646.964,0.88179931,0.11114461
E1_m0_100m,c4_en,silu_schedulefree,SiLU+ScheduleFree,silu,schedule_free_adamw,3,918,0.41057747,0.06684634,0.019951578,0.0010717726,0.43384899,77175.684,0.94636034,0.045987381
E1_m0_100m,c4_en,silu_soap,SiLU+SOAP,silu,soap_adamw,3,918,0.41105003,0.067527553,0.45517628,0.80430338,0.51094198,67366.504,0.80449453,0.89085708
E1_m0_100m,dclm,rlb_adamw,RLB+AdamW,rlb_fused_fixed_strong_ffn,adamw,3,918,0.68440056,0.077370502,0.015191661,0.0019066121,0.70414228,46598.445,0.97196345,0.021574704
E1_m0_100m,dclm,rlb_ademamix,RLB+ADeMaMix,rlb_fused_fixed_strong_ffn,ademamix,3,918,0.69053792,0.079997014,0.02688853,0.00097727444,0.72211102,45466.979,0.95627667,0.037236005
E1_m0_100m,dclm,rlb_came,RLB+CAME,rlb_fused_fixed_strong_ffn,adafactor_came,3,918,0.68539145,0.078395955,0.055687034,0.002093053,0.74549903,44011.735,0.91937269,0.074697661
E1_m0_100m,dclm,rlb_lion,RLB+Lion,rlb_fused_fixed_strong_ffn,lion,3,918,0.68924171,0.078449635,0.013488092,0.0001071584,0.70763517,46375.772,0.97400714,0.019060799
E1_m0_100m,dclm,rlb_matrixpolicy_original,RLB+MatrixPolicy,rlb_fused_fixed_strong_ffn,rational_matrix_policy_onpolicy,3,918,0.65105734,0.068884273,0.090133491,0.010795042,0.71364013,46014.893,0.91230483,0.12630104
E1_m0_100m,dclm,rlb_muon,RLB+Muon,rlb_fused_fixed_strong_ffn,muon,3,918,0.68914731,0.07900497,0.04747928,0.0097684528,0.74100319,44308.877,0.93001935,0.064074326
E1_m0_100m,dclm,rlb_schedulefree,RLB+ScheduleFree,rlb_fused_fixed_strong_ffn,schedule_free_adamw,3,918,0.68799188,0.077319021,0.021206199,0.001103689,0.71342889,45989.543,0.96434541,0.029724334
E1_m0_100m,dclm,rlb_soap,RLB+SOAP,rlb_fused_fixed_strong_ffn,soap_adamw,3,918,0.6937882,0.080058764,0.064284399,0.081211646,0.72682018,45213.039,0.95455275,0.088446084
E1_m0_100m,dclm,silu_adamw,SiLU+AdamW,silu,adamw,3,918,0.60934786,0.025912978,0.015208842,0.0019740403,0.62785954,52262.328,0.97051621,0.02422332
E1_m0_100m,dclm,silu_ademamix,SiLU+ADeMaMix,silu,ademamix,3,918,0.61694771,0.033545823,0.025433782,0.00089500326,0.64594335,50842.141,0.95511117,0.039374632
E1_m0_100m,dclm,silu_came,SiLU+CAME,silu,adafactor_came,3,918,0.61991382,0.032723514,0.049789371,0.0019425323,0.67305453,48780.367,0.92104546,0.073975241
E1_m0_100m,dclm,silu_lion,SiLU+Lion,silu,lion,3,918,0.61597681,0.030386676,0.013076998,0.00010028323,0.63245851,51904.277,0.97394028,0.020676452
E1_m0_100m,dclm,silu_muon,SiLU+Muon,silu,muon,3,918,0.61670182,0.031683848,0.051813519,0.0099137469,0.6718729,48886.923,0.91788465,0.077118038
E1_m0_100m,dclm,silu_schedulefree,SiLU+ScheduleFree,silu,schedule_free_adamw,3,918,0.61583784,0.02843132,0.019962393,0.0010962755,0.63906705,51354.787,0.96365136,0.031236774
E1_m0_100m,dclm,silu_soap,SiLU+SOAP,silu,soap_adamw,3,918,0.62263589,0.033248878,0.45553604,0.80520732,0.72278954,46256.478,0.86143455,0.63024714
E1_m0_100m,dolma_sample,rlb_adamw,RLB+AdamW,rlb_fused_fixed_strong_ffn,adamw,3,918,0.53840525,0.095096807,0.015271844,0.0023097906,0.55782924,59434.875,0.96517931,0.027377274
E1_m0_100m,dolma_sample,rlb_ademamix,RLB+ADeMaMix,rlb_fused_fixed_strong_ffn,ademamix,3,918,0.534376,0.098577519,0.026821699,0.00095049515,0.56552866,58742.51,0.94491409,0.047427657
E1_m0_100m,dolma_sample,rlb_came,RLB+CAME,rlb_fused_fixed_strong_ffn,adafactor_came,3,918,0.53411287,0.096430676,0.057587761,0.0012984677,0.5958702,55596.24,0.89635775,0.096644807
E1_m0_100m,dolma_sample,rlb_lion,RLB+Lion,rlb_fused_fixed_strong_ffn,lion,3,918,0.53597747,0.093741513,0.013452574,5.4805613e-05,0.55363266,59835.233,0.96811028,0.024298737
E1_m0_100m,dolma_sample,rlb_matrixpolicy_original,RLB+MatrixPolicy,rlb_fused_fixed_strong_ffn,rational_matrix_policy_onpolicy,3,918,0.49894983,0.089333383,0.10365127,0.01078828,0.5684438,58431.47,0.87774697,0.18234216
E1_m0_100m,dolma_sample,rlb_muon,RLB+Muon,rlb_fused_fixed_strong_ffn,muon,3,918,0.5399969,0.092809102,0.047364635,0.011199267,0.59149873,55943.133,0.91292994,0.080075633
E1_m0_100m,dolma_sample,rlb_schedulefree,RLB+ScheduleFree,rlb_fused_fixed_strong_ffn,schedule_free_adamw,3,918,0.55442801,0.10373817,0.021186457,0.0011569913,0.57993445,57415.694,0.95601841,0.036532502
E1_m0_100m,dolma_sample,rlb_soap,RLB+SOAP,rlb_fused_fixed_strong_ffn,soap_adamw,3,918,0.53445539,0.096911762,0.064320111,0.081327626,0.56714304,58583.886,0.94236437,0.11341074
E1_m0_100m,dolma_sample,silu_adamw,SiLU+AdamW,silu,adamw,3,918,0.46380633,0.067449228,0.015372765,0.0025039552,0.48274029,69326.85,0.96077815,0.031844794
E1_m0_100m,dolma_sample,silu_ademamix,SiLU+ADeMaMix,silu,ademamix,3,918,0.45297795,0.068372788,0.025396013,0.00092945953,0.48167667,69544.803,0.94041912,0.052724191
E1_m0_100m,dolma_sample,silu_came,SiLU+CAME,silu,adafactor_came,3,918,0.45273267,0.068877334,0.05073157,0.0015622958,0.50678113,65960.052,0.89334951,0.10010548
E1_m0_100m,dolma_sample,silu_lion,SiLU+Lion,silu,lion,3,918,0.45648499,0.06519803,0.013046351,5.3209397e-05,0.47294978,70704.73,0.96518701,0.027585067
E1_m0_100m,dolma_sample,silu_muon,SiLU+Muon,silu,muon,3,918,0.45684526,0.064709742,0.051675736,0.011114352,0.51192113,65142.204,0.89241337,0.10094472
E1_m0_100m,dolma_sample,silu_schedulefree,SiLU+ScheduleFree,silu,schedule_free_adamw,3,918,0.45332833,0.068252625,0.01994327,0.0011504471,0.47654018,70312.594,0.95129088,0.041850134
E1_m0_100m,dolma_sample,silu_soap,SiLU+SOAP,silu,soap_adamw,3,918,0.45659222,0.066666436,0.45504525,0.80424364,0.55661169,61515.096,0.82030657,0.81752729
E1_m0_100m,fineweb,rlb_adamw,RLB+AdamW,rlb_fused_fixed_strong_ffn,adamw,3,918,0.52221775,0.10880173,0.015191285,0.0020650151,0.54163916,62015.885,0.96414326,0.028046874
E1_m0_100m,fineweb,rlb_ademamix,RLB+ADeMaMix,rlb_fused_fixed_strong_ffn,ademamix,3,918,0.51758541,0.11004853,0.026891376,0.00091505585,0.54867461,61243.251,0.94333763,0.049011519
E1_m0_100m,fineweb,rlb_came,RLB+CAME,rlb_fused_fixed_strong_ffn,adafactor_came,3,918,0.52068861,0.10795701,0.055619978,0.0014948419,0.58062044,57636.866,0.89677968,0.09579404
E1_m0_100m,fineweb,rlb_lion,RLB+Lion,rlb_fused_fixed_strong_ffn,lion,3,918,0.52036405,0.10788772,0.013482736,8.1453576e-05,0.53806943,62385.773,0.96709462,0.025057613
E1_m0_100m,fineweb,rlb_matrixpolicy_original,RLB+MatrixPolicy,rlb_fused_fixed_strong_ffn,rational_matrix_policy_onpolicy,3,918,0.48636447,0.10259041,0.089924569,0.013409228,0.54911288,61277.303,0.88572767,0.16376336
E1_m0_100m,fineweb,rlb_muon,RLB+Muon,rlb_fused_fixed_strong_ffn,muon,3,918,0.52213231,0.10809437,0.047383174,0.01003018,0.57373653,58379.566,0.91005589,0.082586992
E1_m0_100m,fineweb,rlb_schedulefree,RLB+ScheduleFree,rlb_fused_fixed_strong_ffn,schedule_free_adamw,3,918,0.52066121,0.10782333,0.021227518,0.0010789817,0.54604302,61435.974,0.95351683,0.038875175
E1_m0_100m,fineweb,rlb_soap,RLB+SOAP,rlb_fused_fixed_strong_ffn,soap_adamw,3,918,0.52121468,0.1082068,0.063281962,0.079091209,0.55380852,60641.019,0.94114601,0.11426686
E1_m0_100m,fineweb,silu_adamw,SiLU+AdamW,silu,adamw,3,918,0.4441863,0.089571502,0.015211724,0.0019863325,0.46264755,73880.184,0.96009652,0.032879724
E1_m0_100m,fineweb,silu_ademamix,SiLU+ADeMaMix,silu,ademamix,3,918,0.44254557,0.088118726,0.025438131,0.00079302726,0.47101074,72414.83,0.93956576,0.054007539
E1_m0_100m,fineweb,silu_came,SiLU+CAME,silu,adafactor_came,3,918,0.44289846,0.08870127,0.050230936,0.0012361201,0.49627175,68440.879,0.89245148,0.10121659
E1_m0_100m,fineweb,silu_lion,SiLU+Lion,silu,lion,3,918,0.44369886,0.087619876,0.013052783,6.8699574e-05,0.45982417,74299.2,0.96493159,0.028386467
E1_m0_100m,fineweb,silu_muon,SiLU+Muon,silu,muon,3,918,0.44447393,0.087813853,0.051635122,0.010012403,0.49929961,68032.739,0.89019484,0.10341511
E1_m0_100m,fineweb,silu_schedulefree,SiLU+ScheduleFree,silu,schedule_free_adamw,3,918,0.44343566,0.087706682,0.019974085,0.001075488,0.46650383,73147.363,0.95055096,0.042816551
E1_m0_100m,fineweb,silu_soap,SiLU+SOAP,silu,soap_adamw,3,918,0.44539758,0.089097876,0.45486078,0.80366493,0.54541254,63884.444,0.81662513,0.83397566
E1_m0_100m,fineweb_edu,rlb_adamw,RLB+AdamW,rlb_fused_fixed_strong_ffn,adamw,3,918,0.68608264,0.078286346,0.015146097,0.0018897694,0.70576036,46502.11,0.9721184,0.021460679
E1_m0_100m,fineweb_edu,rlb_ademamix,RLB+ADeMaMix,rlb_fused_fixed_strong_ffn,ademamix,3,918,1.1198108,0.64008984,0.02683895,0.00077806376,1.1509292,36472.295,0.97296236,0.023319374
E1_m0_100m,fineweb_edu,rlb_came,RLB+CAME,rlb_fused_fixed_strong_ffn,adafactor_came,3,918,1.1446621,0.67075596,0.054617567,0.0010196081,1.2045649,34910.25,0.95027014,0.045342153
E1_m0_100m,fineweb_edu,rlb_lion,RLB+Lion,rlb_fused_fixed_strong_ffn,lion,3,918,0.72402718,0.10355952,0.013418774,6.9910389e-05,0.74186772,44581.643,0.97595187,0.018087825
E1_m0_100m,fineweb_edu,rlb_matrixpolicy_original,RLB+MatrixPolicy,rlb_fused_fixed_strong_ffn,rational_matrix_policy_onpolicy,3,918,1.109226,0.66806104,0.084027196,0.022396271,1.1704705,36461.889,0.94767532,0.071789249
E1_m0_100m,fineweb_edu,rlb_muon,RLB+Muon,rlb_fused_fixed_strong_ffn,muon,3,918,0.6805724,0.07661536,0.047181393,0.0093180593,0.7317316,44847.627,0.93008474,0.064479098
E1_m0_100m,fineweb_edu,rlb_schedulefree,RLB+ScheduleFree,rlb_fused_fixed_strong_ffn,schedule_free_adamw,3,918,1.1472721,0.67133272,0.021189311,0.0010204514,1.1723455,36352.61,0.97861265,0.018074289
E1_m0_100m,fineweb_edu,rlb_soap,RLB+SOAP,rlb_fused_fixed_strong_ffn,soap_adamw,3,918,1.1430043,0.66627505,0.063062889,0.078746668,1.1769687,36076.504,0.97114243,0.053580768
E1_m0_100m,fineweb_edu,silu_adamw,SiLU+AdamW,silu,adamw,3,918,0.61212098,0.027653786,0.015165372,0.0018838853,0.63043055,52060.8,0.97095703,0.024055579
E1_m0_100m,fineweb_edu,silu_ademamix,SiLU+ADeMaMix,silu,ademamix,3,918,1.0320638,0.61451634,0.025440605,0.00079494262,1.0618742,40512.114,0.97192663,0.02395821
E1_m0_100m,fineweb_edu,silu_came,SiLU+CAME,silu,adafactor_came,3,918,1.0690076,0.66029795,0.049663178,0.00072203159,1.1221507,38667.395,0.95264174,0.044257136
E1_m0_100m,fineweb_edu,silu_lion,SiLU+Lion,silu,lion,3,918,0.65374503,0.074985044,0.013023856,7.6227379e-05,0.66997507,49474.415,0.97577515,0.019439314
E1_m0_100m,fineweb_edu,silu_muon,SiLU+Muon,silu,muon,3,918,0.60974732,0.026522798,0.051467403,0.0093429867,0.66426962,49418.343,0.91792143,0.077479687
E1_m0_100m,fineweb_edu,silu_schedulefree,SiLU+ScheduleFree,silu,schedule_free_adamw,3,918,1.0738901,0.66719155,0.020000788,0.002234406,1.0968603,40314.865,0.97905823,0.018234582
E1_m0_100m,fineweb_edu,silu_soap,SiLU+SOAP,silu,soap_adamw,3,918,1.0726424,0.66427184,0.45423803,0.80255207,1.172157,36866.604,0.9151013,0.38752318
E2_m0_300m,dclm,rlb_adamw,RLB+AdamW,rlb_fused_fixed_strong_ffn,adamw,3,2748,0.50084855,0.095518874,0.015156003,0.0012623385,0.51948043,63869.04,0.96413362,0.029175311
E2_m0_300m,dclm,rlb_ademamix,RLB+ADeMaMix,rlb_fused_fixed_strong_ffn,ademamix,3,2748,0.49052415,0.097190849,0.026810672,0.00052234001,0.52068071,63789.284,0.94208242,0.05149158
E2_m0_300m,dclm,rlb_came,RLB+CAME,rlb_fused_fixed_strong_ffn,adafactor_came,3,2748,0.50013086,0.09394397,0.057416319,0.0007453059,0.56095877,58999.059,0.89156439,0.1023539
E2_m0_300m,dclm,rlb_lion,RLB+Lion,rlb_fused_fixed_strong_ffn,lion,3,2748,0.50216613,0.097025963,0.013448233,8.6529653e-05,0.51895839,63990.489,0.96764237,0.025913894
E2_m0_300m,dclm,rlb_matrixpolicy_original,RLB+MatrixPolicy,rlb_fused_fixed_strong_ffn,rational_matrix_policy_onpolicy,3,2748,0.46303913,0.086370253,0.10245093,0.016349548,0.53057249,62477.47,0.87271604,0.19309507
E2_m0_300m,dclm,rlb_muon,RLB+Muon,rlb_fused_fixed_strong_ffn,muon,3,2748,0.50357502,0.096466824,0.047019036,0.0062025534,0.55382465,59852.022,0.90926798,0.084898777
E2_m0_300m,dclm,rlb_schedulefree,RLB+ScheduleFree,rlb_fused_fixed_strong_ffn,schedule_free_adamw,3,2748,0.45946894,0.073725356,0.021168056,0.0006345959,0.4841003,67733.292,0.94911932,0.043726591
E2_m0_300m,dclm,rlb_soap,RLB+SOAP,rlb_fused_fixed_strong_ffn,soap_adamw,3,2748,0.50091119,0.095812121,0.064214458,0.081451749,0.53197751,62371.877,0.9416022,0.12070897
E2_m0_300m,dclm,silu_adamw,SiLU+AdamW,silu,adamw,3,2748,0.4302883,0.056294873,0.015223865,0.0016635314,0.44852233,74189.629,0.95934643,0.033942267
E2_m0_300m,dclm,silu_ademamix,SiLU+ADeMaMix,silu,ademamix,3,2748,0.45470477,0.066280046,0.025351584,0.00051914084,0.48287632,69262.398,0.94165888,0.052501196
E2_m0_300m,dclm,silu_came,SiLU+CAME,silu,adafactor_came,3,2748,0.45556567,0.063315217,0.050577627,0.0011592074,0.50904838,65489.396,0.89493589,0.09935721
E2_m0_300m,dclm,silu_lion,SiLU+Lion,silu,lion,3,2748,0.41115934,0.066300275,0.013035269,3.8190567e-05,0.42710286,78388.274,0.96267054,0.030520209
E2_m0_300m,dclm,silu_muon,SiLU+Muon,silu,muon,3,2748,0.39632341,0.079536535,0.051115524,0.0060216942,0.45042249,74886.26,0.87989259,0.11348351
E2_m0_300m,dclm,silu_schedulefree,SiLU+ScheduleFree,silu,schedule_free_adamw,3,2748,0.41299697,0.090401339,0.020174396,0.013373684,0.43623959,76873.752,0.94672051,0.046246138
E2_m0_300m,dclm,silu_soap,SiLU+SOAP,silu,soap_adamw,3,2748,0.45751127,0.065788348,0.44309432,0.78504233,0.55166952,61633.037,0.82932128,0.80318797
E2_m0_300m,fineweb_edu,rlb_adamw,RLB+AdamW,rlb_fused_fixed_strong_ffn,adamw,3,1835,0.62868713,0.090778518,0.015116335,0.0013916556,0.64739222,50937.387,0.97110703,0.023349578
E2_m0_300m,fineweb_edu,rlb_ademamix,RLB+ADeMaMix,rlb_fused_fixed_strong_ffn,ademamix,2,1832,0.53486408,0.11304496,0.026837132,0.00055257904,0.56504546,59401.85,0.94658592,0.047495527
E2_m0_300m,fineweb_edu,rlb_came,RLB+CAME,rlb_fused_fixed_strong_ffn,adafactor_came,2,1832,0.54385286,0.11103245,0.058761098,0.0038521908,0.6061112,55167.759,0.89728231,0.096947718
E2_m0_300m,fineweb_edu,rlb_lion,RLB+Lion,rlb_fused_fixed_strong_ffn,lion,2,1832,0.53949508,0.11655575,0.013449424,3.7508937e-05,0.55641583,60241.493,0.96958974,0.024171533
E2_m0_300m,fineweb_edu,rlb_matrixpolicy_original,RLB+MatrixPolicy,rlb_fused_fixed_strong_ffn,rational_matrix_policy_onpolicy,2,1832,0.54451712,0.068273556,0.10256198,0.0076571183,0.61193006,53599.149,0.88983556,0.16760409
E2_m0_300m,fineweb_edu,rlb_muon,RLB+Muon,rlb_fused_fixed_strong_ffn,muon,2,1832,0.60093256,0.078016301,0.046130409,0.0068903865,0.65030861,50466.965,0.9240729,0.07093618
E2_m0_300m,fineweb_edu,rlb_schedulefree,RLB+ScheduleFree,rlb_fused_fixed_strong_ffn,schedule_free_adamw,2,1832,0.54218927,0.11007849,0.021157947,0.0013589676,0.56676744,59085.947,0.95663448,0.037330916
E2_m0_300m,fineweb_edu,rlb_soap,RLB+SOAP,rlb_fused_fixed_strong_ffn,soap_adamw,2,1832,0.53879405,0.10801603,0.064744278,0.083494905,0.57030141,58680.316,0.94475315,0.11352642
E2_m0_300m,fineweb_edu,silu_adamw,SiLU+AdamW,silu,adamw,3,2748,0.45757991,0.076877312,0.015288026,0.003858613,0.47618302,70633.26,0.96093287,0.032105357
E2_m0_300m,fineweb_edu,silu_ademamix,SiLU+ADeMaMix,silu,ademamix,2,1832,0.49328997,0.012848177,0.025338367,0.00048200929,0.5215833,62854.622,0.94575491,0.048579713
E2_m0_300m,fineweb_edu,silu_came,SiLU+CAME,silu,adafactor_came,2,1832,0.49915957,0.013108644,0.05057447,0.0018710845,0.55279774,59305.228,0.90296962,0.0914882
E2_m0_300m,fineweb_edu,silu_lion,SiLU+Lion,silu,lion,3,2748,0.45557791,0.063714346,0.01303374,5.4159632e-05,0.4715569,70876.052,0.96611441,0.027639804
E2_m0_300m,fineweb_edu,silu_muon,SiLU+Muon,silu,muon,3,2748,0.40396179,0.070903343,0.052350804,0.012390069,0.45945012,72861.608,0.87922882,0.1139423
E2_m0_300m,fineweb_edu,silu_schedulefree,SiLU+ScheduleFree,silu,schedule_free_adamw,2,1832,0.50078096,0.012637026,0.019878072,0.0006306397,0.5235086,62622.314,0.95658594,0.03797086
E2_m0_300m,fineweb_edu,silu_soap,SiLU+SOAP,silu,soap_adamw,3,2208,0.47794705,0.053151316,0.44291021,0.78447721,0.57244649,59001.137,0.83492006,0.77371461
