job_id,stage,kind,row_index,old_dependency,new_dependency
848497,e9_preflight,row,0,afterok:848496,afterok:848496
848498,e9_preflight,row,1,afterok:848496,afterok:848496
848499,e9_preflight,row,2,afterany:848497,afterok:848496
848500,e9_preflight,row,3,afterany:848498,afterok:848496
848501,e9_preflight,row,4,afterany:848499,afterany:848497
848502,e9_preflight,row,5,afterany:848500,afterany:848498
848503,e9_preflight,row,6,afterany:848501,afterany:848499
848504,e9_preflight,row,7,afterany:848502,afterany:848500
848505,e9_preflight,row,8,afterany:848503,afterany:848501
848506,e9_preflight,row,9,afterany:848504,afterany:848502
848507,e9_preflight,validator,,afterany:848505:848506,afterany:848505:848506:848503:848504
848508,main,row,0,afterok:848507,afterok:848507
848509,main,row,1,afterok:848507,afterok:848507
848510,main,row,2,afterany:848508,afterok:848507
848511,main,row,3,afterany:848509,afterok:848507
848512,main,row,4,afterany:848510,afterany:848508
848513,main,row,5,afterany:848511,afterany:848509
848514,main,row,6,afterany:848512,afterany:848510
848515,main,row,7,afterany:848513,afterany:848511
848516,main,row,8,afterany:848514,afterany:848512
848517,main,row,9,afterany:848515,afterany:848513
848518,main,row,10,afterany:848516,afterany:848514
848519,main,row,11,afterany:848517,afterany:848515
848520,main,row,12,afterany:848518,afterany:848516
848521,main,row,13,afterany:848519,afterany:848517
848522,main,row,14,afterany:848520,afterany:848518
848523,main,row,15,afterany:848521,afterany:848519
848524,main,row,16,afterany:848522,afterany:848520
848525,main,row,17,afterany:848523,afterany:848521
848526,main,row,18,afterany:848524,afterany:848522
848527,main,row,19,afterany:848525,afterany:848523
848528,main,row,20,afterany:848526,afterany:848524
848529,main,row,21,afterany:848527,afterany:848525
848530,main,row,22,afterany:848528,afterany:848526
848531,main,row,23,afterany:848529,afterany:848527
848532,main,row,24,afterany:848530,afterany:848528
848533,main,row,25,afterany:848531,afterany:848529
848534,main,row,26,afterany:848532,afterany:848530
848535,main,row,27,afterany:848533,afterany:848531
848536,main,row,28,afterany:848534,afterany:848532
848537,main,row,29,afterany:848535,afterany:848533
848538,main,validator,,afterany:848536:848537,afterany:848536:848537:848534:848535
848539,e8,row,0,afterok:848538,afterok:848538
848540,e8,row,1,afterok:848538,afterok:848538
848541,e8,row,2,afterany:848539,afterok:848538
848542,e8,row,3,afterany:848540,afterok:848538
848543,e8,row,4,afterany:848541,afterany:848539
848544,e8,row,5,afterany:848542,afterany:848540
848545,e8,row,6,afterany:848543,afterany:848541
848546,e8,row,7,afterany:848544,afterany:848542
848547,e8,row,8,afterany:848545,afterany:848543
848548,e8,row,9,afterany:848546,afterany:848544
848549,e8,row,10,afterany:848547,afterany:848545
848550,e8,row,11,afterany:848548,afterany:848546
848551,e8,row,12,afterany:848549,afterany:848547
848552,e8,row,13,afterany:848550,afterany:848548
848553,e8,row,14,afterany:848551,afterany:848549
848554,e8,row,15,afterany:848552,afterany:848550
848555,e8,row,16,afterany:848553,afterany:848551
848556,e8,row,17,afterany:848554,afterany:848552
848557,e8,row,18,afterany:848555,afterany:848553
848558,e8,row,19,afterany:848556,afterany:848554
848559,e8,row,20,afterany:848557,afterany:848555
848560,e8,row,21,afterany:848558,afterany:848556
848561,e8,row,22,afterany:848559,afterany:848557
848562,e8,row,23,afterany:848560,afterany:848558
848563,e8,row,24,afterany:848561,afterany:848559
848564,e8,row,25,afterany:848562,afterany:848560
848565,e8,row,26,afterany:848563,afterany:848561
848566,e8,row,27,afterany:848564,afterany:848562
848567,e8,row,28,afterany:848565,afterany:848563
848568,e8,row,29,afterany:848566,afterany:848564
848569,e8,row,30,afterany:848567,afterany:848565
848570,e8,row,31,afterany:848568,afterany:848566
848571,e8,row,32,afterany:848569,afterany:848567
848572,e8,row,33,afterany:848570,afterany:848568
848573,e8,row,34,afterany:848571,afterany:848569
848574,e8,row,35,afterany:848572,afterany:848570
848575,e8,row,36,afterany:848573,afterany:848571
848576,e8,row,37,afterany:848574,afterany:848572
848577,e8,row,38,afterany:848575,afterany:848573
848578,e8,row,39,afterany:848576,afterany:848574
848579,e8,row,40,afterany:848577,afterany:848575
848580,e8,row,41,afterany:848578,afterany:848576
848581,e8,row,42,afterany:848579,afterany:848577
848582,e8,row,43,afterany:848580,afterany:848578
848583,e8,row,44,afterany:848581,afterany:848579
848584,e8,row,45,afterany:848582,afterany:848580
848585,e8,row,46,afterany:848583,afterany:848581
848586,e8,row,47,afterany:848584,afterany:848582
848587,e8,row,48,afterany:848585,afterany:848583
848588,e8,row,49,afterany:848586,afterany:848584
848589,e8,row,50,afterany:848587,afterany:848585
848590,e8,row,51,afterany:848588,afterany:848586
848591,e8,row,52,afterany:848589,afterany:848587
848592,e8,row,53,afterany:848590,afterany:848588
848593,e8,row,54,afterany:848591,afterany:848589
848594,e8,row,55,afterany:848592,afterany:848590
848595,e8,row,56,afterany:848593,afterany:848591
848596,e8,row,57,afterany:848594,afterany:848592
848597,e8,row,58,afterany:848595,afterany:848593
848598,e8,row,59,afterany:848596,afterany:848594
848599,e8,row,60,afterany:848597,afterany:848595
848600,e8,row,61,afterany:848598,afterany:848596
848601,e8,row,62,afterany:848599,afterany:848597
848602,e8,row,63,afterany:848600,afterany:848598
848603,e8,row,64,afterany:848601,afterany:848599
848604,e8,row,65,afterany:848602,afterany:848600
848605,e8,row,66,afterany:848603,afterany:848601
848606,e8,row,67,afterany:848604,afterany:848602
848607,e8,row,68,afterany:848605,afterany:848603
848608,e8,row,69,afterany:848606,afterany:848604
848609,e8,row,70,afterany:848607,afterany:848605
848610,e8,row,71,afterany:848608,afterany:848606
848611,e8,row,72,afterany:848609,afterany:848607
848612,e8,row,73,afterany:848610,afterany:848608
848613,e8,row,74,afterany:848611,afterany:848609
848614,e8,row,75,afterany:848612,afterany:848610
848615,e8,row,76,afterany:848613,afterany:848611
848616,e8,row,77,afterany:848614,afterany:848612
848617,e8,row,78,afterany:848615,afterany:848613
848618,e8,row,79,afterany:848616,afterany:848614
848619,e8,validator,,afterany:848617:848618,afterany:848615:848616:848617:848618
848620,e9,row,0,afterok:848619,afterok:848619
848621,e9,row,1,afterok:848619,afterok:848619
848622,e9,row,2,afterany:848620,afterok:848619
848623,e9,row,3,afterany:848621,afterok:848619
848624,e9,row,4,afterany:848622,afterany:848620
848625,e9,row,5,afterany:848623,afterany:848621
848626,e9,row,6,afterany:848624,afterany:848622
848627,e9,row,7,afterany:848625,afterany:848623
848628,e9,row,8,afterany:848626,afterany:848624
848629,e9,row,9,afterany:848627,afterany:848625
848630,e9,row,10,afterany:848628,afterany:848626
848631,e9,row,11,afterany:848629,afterany:848627
848632,e9,row,12,afterany:848630,afterany:848628
848633,e9,row,13,afterany:848631,afterany:848629
848634,e9,row,14,afterany:848632,afterany:848630
848635,e9,row,15,afterany:848633,afterany:848631
848636,e9,row,16,afterany:848634,afterany:848632
848637,e9,row,17,afterany:848635,afterany:848633
848638,e9,row,18,afterany:848636,afterany:848634
848639,e9,row,19,afterany:848637,afterany:848635
848640,e9,row,20,afterany:848638,afterany:848636
848641,e9,row,21,afterany:848639,afterany:848637
848642,e9,row,22,afterany:848640,afterany:848638
848643,e9,row,23,afterany:848641,afterany:848639
848644,e9,row,24,afterany:848642,afterany:848640
848645,e9,row,25,afterany:848643,afterany:848641
848646,e9,row,26,afterany:848644,afterany:848642
848647,e9,row,27,afterany:848645,afterany:848643
848648,e9,row,28,afterany:848646,afterany:848644
848649,e9,row,29,afterany:848647,afterany:848645
848650,e9,row,30,afterany:848648,afterany:848646
848651,e9,row,31,afterany:848649,afterany:848647
848652,e9,row,32,afterany:848650,afterany:848648
848653,e9,row,33,afterany:848651,afterany:848649
848654,e9,row,34,afterany:848652,afterany:848650
848655,e9,row,35,afterany:848653,afterany:848651
848656,e9,row,36,afterany:848654,afterany:848652
848657,e9,row,37,afterany:848655,afterany:848653
848658,e9,row,38,afterany:848656,afterany:848654
848659,e9,row,39,afterany:848657,afterany:848655
848660,e9,row,40,afterany:848658,afterany:848656
848661,e9,row,41,afterany:848659,afterany:848657
848662,e9,row,42,afterany:848660,afterany:848658
848663,e9,row,43,afterany:848661,afterany:848659
848664,e9,row,44,afterany:848662,afterany:848660
848665,e9,row,45,afterany:848663,afterany:848661
848666,e9,row,46,afterany:848664,afterany:848662
848667,e9,row,47,afterany:848665,afterany:848663
848668,e9,row,48,afterany:848666,afterany:848664
848669,e9,row,49,afterany:848667,afterany:848665
848670,e9,row,50,afterany:848668,afterany:848666
848671,e9,row,51,afterany:848669,afterany:848667
848672,e9,row,52,afterany:848670,afterany:848668
848673,e9,row,53,afterany:848671,afterany:848669
848674,e9,row,54,afterany:848672,afterany:848670
848675,e9,row,55,afterany:848673,afterany:848671
848676,e9,row,56,afterany:848674,afterany:848672
848677,e9,row,57,afterany:848675,afterany:848673
848678,e9,row,58,afterany:848676,afterany:848674
848679,e9,row,59,afterany:848677,afterany:848675
848680,e9,row,60,afterany:848678,afterany:848676
848681,e9,row,61,afterany:848679,afterany:848677
848682,e9,row,62,afterany:848680,afterany:848678
848683,e9,row,63,afterany:848681,afterany:848679
848684,e9,row,64,afterany:848682,afterany:848680
848685,e9,row,65,afterany:848683,afterany:848681
848686,e9,row,66,afterany:848684,afterany:848682
848687,e9,row,67,afterany:848685,afterany:848683
848688,e9,row,68,afterany:848686,afterany:848684
848689,e9,row,69,afterany:848687,afterany:848685
848690,e9,row,70,afterany:848688,afterany:848686
848691,e9,row,71,afterany:848689,afterany:848687
848692,e9,row,72,afterany:848690,afterany:848688
848693,e9,row,73,afterany:848691,afterany:848689
848694,e9,row,74,afterany:848692,afterany:848690
848695,e9,row,75,afterany:848693,afterany:848691
848696,e9,row,76,afterany:848694,afterany:848692
848697,e9,row,77,afterany:848695,afterany:848693
848698,e9,row,78,afterany:848696,afterany:848694
848699,e9,row,79,afterany:848697,afterany:848695
848700,e9,row,80,afterany:848698,afterany:848696
848701,e9,row,81,afterany:848699,afterany:848697
848702,e9,row,82,afterany:848700,afterany:848698
848703,e9,row,83,afterany:848701,afterany:848699
848704,e9,row,84,afterany:848702,afterany:848700
848705,e9,row,85,afterany:848703,afterany:848701
848706,e9,row,86,afterany:848704,afterany:848702
848707,e9,row,87,afterany:848705,afterany:848703
848708,e9,row,88,afterany:848706,afterany:848704
848709,e9,row,89,afterany:848707,afterany:848705
848710,e9,row,90,afterany:848708,afterany:848706
848711,e9,row,91,afterany:848709,afterany:848707
848712,e9,row,92,afterany:848710,afterany:848708
848713,e9,row,93,afterany:848711,afterany:848709
848714,e9,row,94,afterany:848712,afterany:848710
848715,e9,row,95,afterany:848713,afterany:848711
848716,e9,row,96,afterany:848714,afterany:848712
848717,e9,row,97,afterany:848715,afterany:848713
848718,e9,row,98,afterany:848716,afterany:848714
848719,e9,row,99,afterany:848717,afterany:848715
848720,e9,row,100,afterany:848718,afterany:848716
848721,e9,row,101,afterany:848719,afterany:848717
848722,e9,row,102,afterany:848720,afterany:848718
848723,e9,row,103,afterany:848721,afterany:848719
848724,e9,row,104,afterany:848722,afterany:848720
848725,e9,row,105,afterany:848723,afterany:848721
848726,e9,row,106,afterany:848724,afterany:848722
848727,e9,row,107,afterany:848725,afterany:848723
848728,e9,row,108,afterany:848726,afterany:848724
848729,e9,row,109,afterany:848727,afterany:848725
848730,e9,row,110,afterany:848728,afterany:848726
848731,e9,row,111,afterany:848729,afterany:848727
848732,e9,row,112,afterany:848730,afterany:848728
848733,e9,row,113,afterany:848731,afterany:848729
848734,e9,row,114,afterany:848732,afterany:848730
848735,e9,row,115,afterany:848733,afterany:848731
848736,e9,row,116,afterany:848734,afterany:848732
848737,e9,row,117,afterany:848735,afterany:848733
848738,e9,row,118,afterany:848736,afterany:848734
848739,e9,row,119,afterany:848737,afterany:848735
848740,e9,row,120,afterany:848738,afterany:848736
848741,e9,row,121,afterany:848739,afterany:848737
848742,e9,row,122,afterany:848740,afterany:848738
848743,e9,row,123,afterany:848741,afterany:848739
848744,e9,row,124,afterany:848742,afterany:848740
848745,e9,row,125,afterany:848743,afterany:848741
848746,e9,row,126,afterany:848744,afterany:848742
848747,e9,row,127,afterany:848745,afterany:848743
848748,e9,row,128,afterany:848746,afterany:848744
848749,e9,row,129,afterany:848747,afterany:848745
848750,e9,row,130,afterany:848748,afterany:848746
848751,e9,row,131,afterany:848749,afterany:848747
848752,e9,row,132,afterany:848750,afterany:848748
848753,e9,row,133,afterany:848751,afterany:848749
848754,e9,row,134,afterany:848752,afterany:848750
848755,e9,row,135,afterany:848753,afterany:848751
848756,e9,row,136,afterany:848754,afterany:848752
848757,e9,row,137,afterany:848755,afterany:848753
848758,e9,row,138,afterany:848756,afterany:848754
848759,e9,row,139,afterany:848757,afterany:848755
848760,e9,row,140,afterany:848758,afterany:848756
848761,e9,row,141,afterany:848759,afterany:848757
848762,e9,row,142,afterany:848760,afterany:848758
848763,e9,row,143,afterany:848761,afterany:848759
848764,e9,row,144,afterany:848762,afterany:848760
848765,e9,row,145,afterany:848763,afterany:848761
848766,e9,row,146,afterany:848764,afterany:848762
848767,e9,row,147,afterany:848765,afterany:848763
848768,e9,row,148,afterany:848766,afterany:848764
848769,e9,row,149,afterany:848767,afterany:848765
848770,e9,validator,,afterany:848768:848769,afterany:848768:848769:848766:848767
