stage,worker_index,job_id,dependency,walltime,row_indices
e9_preflight,0,852989,,00:30:00,0:1:2:3:4:5:6:7:8:9
main,0,852990,afterok:848507,24:00:00,0:4:8:12:16:20:24:28
main,1,852991,afterok:848507,24:00:00,1:5:9:13:17:21:25:29
main,2,852992,afterok:848507,24:00:00,2:6:10:14:18:22:26
main,3,852993,afterok:848507,24:00:00,3:7:11:15:19:23:27
e8,0,852994,afterok:848538,24:00:00,0:4:8:12:16:20:24:28:32:36:40:44:48:52:56:60:64:68:72:76
e8,1,852995,afterok:848538,24:00:00,1:5:9:13:17:21:25:29:33:37:41:45:49:53:57:61:65:69:73:77
e8,2,852996,afterok:848538,24:00:00,2:6:10:14:18:22:26:30:34:38:42:46:50:54:58:62:66:70:74:78
e8,3,852997,afterok:848538,24:00:00,3:7:11:15:19:23:27:31:35:39:43:47:51:55:59:63:67:71:75:79
e9,0,852998,afterok:848619,24:00:00,0:4:8:12:16:20:24:28:32:36:40:44:48:52:56:60:64:68:72:76:80:84:88:92:96:100:104:108:112:116:120:124:128:132:136:140:144:148
e9,1,852999,afterok:848619,24:00:00,1:5:9:13:17:21:25:29:33:37:41:45:49:53:57:61:65:69:73:77:81:85:89:93:97:101:105:109:113:117:121:125:129:133:137:141:145:149
e9,2,853000,afterok:848619,24:00:00,2:6:10:14:18:22:26:30:34:38:42:46:50:54:58:62:66:70:74:78:82:86:90:94:98:102:106:110:114:118:122:126:130:134:138:142:146
e9,3,853001,afterok:848619,24:00:00,3:7:11:15:19:23:27:31:35:39:43:47:51:55:59:63:67:71:75:79:83:87:91:95:99:103:107:111:115:119:123:127:131:135:139:143:147
