row_index,row_id,phase,dataset,dataset_name,dataset_config,text_column,train_split,val_split,val_skip_tokens,model,layers,d_model,heads,ffn_dim,seq_len,batch_size,grad_accum,global_tokens_per_step,train_tokens,val_tokens,steps,eval_interval,eval_batches,seed,method,activation,optimizer,lr,min_lr,weight_decay,extra_args,correction_campaign,correction_source_manifest,correction_source_row_index
0,E8_primary_100m_dclm_m0_100m_seed1337_rlb_matrixpolicy_original_lr1em4_wd0p00,E8_primary_100m,dclm,mlfoundations/dclm-baseline-1.0,none,text,train,train,210000000,M0,12,768,12,2048,256,16,2,32768,100000000,4000000,3050,50,10,1337,rlb_matrixpolicy_original,rlb_fused_global_rational,rational_matrix_policy_onpolicy,0.0001,0.00001,0.00,--rational-matrix-policy-backbone-optimizer adamw --rational-matrix-policy-adam-lr-scale 3.0 --rational-matrix-policy-group-gain-strength 0.20 --rational-matrix-policy-group-pressure-strength 0.10 --rational-matrix-policy-group-activity-damping 0.20 --rational-matrix-policy-group-start 0.02 --rational-matrix-policy-group-end 0.30 --rational-matrix-policy-group-min-scale 0.75 --rational-matrix-policy-group-max-scale 1.35,matrixpolicy_live_stats_20260712,experiments/manifests/iclr26_e8_primary_manifest.csv,2
1,E8_primary_100m_dclm_m0_100m_seed1337_rlb_matrixpolicy_original_lr1em4_wd0p05,E8_primary_100m,dclm,mlfoundations/dclm-baseline-1.0,none,text,train,train,210000000,M0,12,768,12,2048,256,16,2,32768,100000000,4000000,3050,50,10,1337,rlb_matrixpolicy_original,rlb_fused_global_rational,rational_matrix_policy_onpolicy,0.0001,0.00001,0.05,--rational-matrix-policy-backbone-optimizer adamw --rational-matrix-policy-adam-lr-scale 3.0 --rational-matrix-policy-group-gain-strength 0.20 --rational-matrix-policy-group-pressure-strength 0.10 --rational-matrix-policy-group-activity-damping 0.20 --rational-matrix-policy-group-start 0.02 --rational-matrix-policy-group-end 0.30 --rational-matrix-policy-group-min-scale 0.75 --rational-matrix-policy-group-max-scale 1.35,matrixpolicy_live_stats_20260712,experiments/manifests/iclr26_e8_primary_manifest.csv,5
2,E8_primary_100m_dclm_m0_100m_seed1337_rlb_matrixpolicy_original_lr1em4_wd0p10,E8_primary_100m,dclm,mlfoundations/dclm-baseline-1.0,none,text,train,train,210000000,M0,12,768,12,2048,256,16,2,32768,100000000,4000000,3050,50,10,1337,rlb_matrixpolicy_original,rlb_fused_global_rational,rational_matrix_policy_onpolicy,0.0001,0.00001,0.10,--rational-matrix-policy-backbone-optimizer adamw --rational-matrix-policy-adam-lr-scale 3.0 --rational-matrix-policy-group-gain-strength 0.20 --rational-matrix-policy-group-pressure-strength 0.10 --rational-matrix-policy-group-activity-damping 0.20 --rational-matrix-policy-group-start 0.02 --rational-matrix-policy-group-end 0.30 --rational-matrix-policy-group-min-scale 0.75 --rational-matrix-policy-group-max-scale 1.35,matrixpolicy_live_stats_20260712,experiments/manifests/iclr26_e8_primary_manifest.csv,8
3,E8_primary_100m_dclm_m0_100m_seed1337_rlb_matrixpolicy_original_lr1em4_wd0p20,E8_primary_100m,dclm,mlfoundations/dclm-baseline-1.0,none,text,train,train,210000000,M0,12,768,12,2048,256,16,2,32768,100000000,4000000,3050,50,10,1337,rlb_matrixpolicy_original,rlb_fused_global_rational,rational_matrix_policy_onpolicy,0.0001,0.00001,0.20,--rational-matrix-policy-backbone-optimizer adamw --rational-matrix-policy-adam-lr-scale 3.0 --rational-matrix-policy-group-gain-strength 0.20 --rational-matrix-policy-group-pressure-strength 0.10 --rational-matrix-policy-group-activity-damping 0.20 --rational-matrix-policy-group-start 0.02 --rational-matrix-policy-group-end 0.30 --rational-matrix-policy-group-min-scale 0.75 --rational-matrix-policy-group-max-scale 1.35,matrixpolicy_live_stats_20260712,experiments/manifests/iclr26_e8_primary_manifest.csv,11
4,E8_primary_100m_dclm_m0_100m_seed1337_rlb_matrixpolicy_original_lr2em4_wd0p00,E8_primary_100m,dclm,mlfoundations/dclm-baseline-1.0,none,text,train,train,210000000,M0,12,768,12,2048,256,16,2,32768,100000000,4000000,3050,50,10,1337,rlb_matrixpolicy_original,rlb_fused_global_rational,rational_matrix_policy_onpolicy,0.0002,0.00002,0.00,--rational-matrix-policy-backbone-optimizer adamw --rational-matrix-policy-adam-lr-scale 3.0 --rational-matrix-policy-group-gain-strength 0.20 --rational-matrix-policy-group-pressure-strength 0.10 --rational-matrix-policy-group-activity-damping 0.20 --rational-matrix-policy-group-start 0.02 --rational-matrix-policy-group-end 0.30 --rational-matrix-policy-group-min-scale 0.75 --rational-matrix-policy-group-max-scale 1.35,matrixpolicy_live_stats_20260712,experiments/manifests/iclr26_e8_primary_manifest.csv,14
5,E8_primary_100m_dclm_m0_100m_seed1337_rlb_matrixpolicy_original_lr2em4_wd0p05,E8_primary_100m,dclm,mlfoundations/dclm-baseline-1.0,none,text,train,train,210000000,M0,12,768,12,2048,256,16,2,32768,100000000,4000000,3050,50,10,1337,rlb_matrixpolicy_original,rlb_fused_global_rational,rational_matrix_policy_onpolicy,0.0002,0.00002,0.05,--rational-matrix-policy-backbone-optimizer adamw --rational-matrix-policy-adam-lr-scale 3.0 --rational-matrix-policy-group-gain-strength 0.20 --rational-matrix-policy-group-pressure-strength 0.10 --rational-matrix-policy-group-activity-damping 0.20 --rational-matrix-policy-group-start 0.02 --rational-matrix-policy-group-end 0.30 --rational-matrix-policy-group-min-scale 0.75 --rational-matrix-policy-group-max-scale 1.35,matrixpolicy_live_stats_20260712,experiments/manifests/iclr26_e8_primary_manifest.csv,17
6,E8_primary_100m_dclm_m0_100m_seed1337_rlb_matrixpolicy_original_lr2em4_wd0p10,E8_primary_100m,dclm,mlfoundations/dclm-baseline-1.0,none,text,train,train,210000000,M0,12,768,12,2048,256,16,2,32768,100000000,4000000,3050,50,10,1337,rlb_matrixpolicy_original,rlb_fused_global_rational,rational_matrix_policy_onpolicy,0.0002,0.00002,0.10,--rational-matrix-policy-backbone-optimizer adamw --rational-matrix-policy-adam-lr-scale 3.0 --rational-matrix-policy-group-gain-strength 0.20 --rational-matrix-policy-group-pressure-strength 0.10 --rational-matrix-policy-group-activity-damping 0.20 --rational-matrix-policy-group-start 0.02 --rational-matrix-policy-group-end 0.30 --rational-matrix-policy-group-min-scale 0.75 --rational-matrix-policy-group-max-scale 1.35,matrixpolicy_live_stats_20260712,experiments/manifests/iclr26_e8_primary_manifest.csv,20
7,E8_primary_100m_dclm_m0_100m_seed1337_rlb_matrixpolicy_original_lr2em4_wd0p20,E8_primary_100m,dclm,mlfoundations/dclm-baseline-1.0,none,text,train,train,210000000,M0,12,768,12,2048,256,16,2,32768,100000000,4000000,3050,50,10,1337,rlb_matrixpolicy_original,rlb_fused_global_rational,rational_matrix_policy_onpolicy,0.0002,0.00002,0.20,--rational-matrix-policy-backbone-optimizer adamw --rational-matrix-policy-adam-lr-scale 3.0 --rational-matrix-policy-group-gain-strength 0.20 --rational-matrix-policy-group-pressure-strength 0.10 --rational-matrix-policy-group-activity-damping 0.20 --rational-matrix-policy-group-start 0.02 --rational-matrix-policy-group-end 0.30 --rational-matrix-policy-group-min-scale 0.75 --rational-matrix-policy-group-max-scale 1.35,matrixpolicy_live_stats_20260712,experiments/manifests/iclr26_e8_primary_manifest.csv,23
8,E8_primary_100m_dclm_m0_100m_seed1337_rlb_matrixpolicy_original_lr3em4_wd0p00,E8_primary_100m,dclm,mlfoundations/dclm-baseline-1.0,none,text,train,train,210000000,M0,12,768,12,2048,256,16,2,32768,100000000,4000000,3050,50,10,1337,rlb_matrixpolicy_original,rlb_fused_global_rational,rational_matrix_policy_onpolicy,0.0003,0.00003,0.00,--rational-matrix-policy-backbone-optimizer adamw --rational-matrix-policy-adam-lr-scale 3.0 --rational-matrix-policy-group-gain-strength 0.20 --rational-matrix-policy-group-pressure-strength 0.10 --rational-matrix-policy-group-activity-damping 0.20 --rational-matrix-policy-group-start 0.02 --rational-matrix-policy-group-end 0.30 --rational-matrix-policy-group-min-scale 0.75 --rational-matrix-policy-group-max-scale 1.35,matrixpolicy_live_stats_20260712,experiments/manifests/iclr26_e8_primary_manifest.csv,26
9,E8_primary_100m_dclm_m0_100m_seed1337_rlb_matrixpolicy_original_lr3em4_wd0p05,E8_primary_100m,dclm,mlfoundations/dclm-baseline-1.0,none,text,train,train,210000000,M0,12,768,12,2048,256,16,2,32768,100000000,4000000,3050,50,10,1337,rlb_matrixpolicy_original,rlb_fused_global_rational,rational_matrix_policy_onpolicy,0.0003,0.00003,0.05,--rational-matrix-policy-backbone-optimizer adamw --rational-matrix-policy-adam-lr-scale 3.0 --rational-matrix-policy-group-gain-strength 0.20 --rational-matrix-policy-group-pressure-strength 0.10 --rational-matrix-policy-group-activity-damping 0.20 --rational-matrix-policy-group-start 0.02 --rational-matrix-policy-group-end 0.30 --rational-matrix-policy-group-min-scale 0.75 --rational-matrix-policy-group-max-scale 1.35,matrixpolicy_live_stats_20260712,experiments/manifests/iclr26_e8_primary_manifest.csv,29
10,E8_primary_100m_dclm_m0_100m_seed1337_rlb_matrixpolicy_original_lr3em4_wd0p10,E8_primary_100m,dclm,mlfoundations/dclm-baseline-1.0,none,text,train,train,210000000,M0,12,768,12,2048,256,16,2,32768,100000000,4000000,3050,50,10,1337,rlb_matrixpolicy_original,rlb_fused_global_rational,rational_matrix_policy_onpolicy,0.0003,0.00003,0.10,--rational-matrix-policy-backbone-optimizer adamw --rational-matrix-policy-adam-lr-scale 3.0 --rational-matrix-policy-group-gain-strength 0.20 --rational-matrix-policy-group-pressure-strength 0.10 --rational-matrix-policy-group-activity-damping 0.20 --rational-matrix-policy-group-start 0.02 --rational-matrix-policy-group-end 0.30 --rational-matrix-policy-group-min-scale 0.75 --rational-matrix-policy-group-max-scale 1.35,matrixpolicy_live_stats_20260712,experiments/manifests/iclr26_e8_primary_manifest.csv,32
11,E8_primary_100m_dclm_m0_100m_seed1337_rlb_matrixpolicy_original_lr3em4_wd0p20,E8_primary_100m,dclm,mlfoundations/dclm-baseline-1.0,none,text,train,train,210000000,M0,12,768,12,2048,256,16,2,32768,100000000,4000000,3050,50,10,1337,rlb_matrixpolicy_original,rlb_fused_global_rational,rational_matrix_policy_onpolicy,0.0003,0.00003,0.20,--rational-matrix-policy-backbone-optimizer adamw --rational-matrix-policy-adam-lr-scale 3.0 --rational-matrix-policy-group-gain-strength 0.20 --rational-matrix-policy-group-pressure-strength 0.10 --rational-matrix-policy-group-activity-damping 0.20 --rational-matrix-policy-group-start 0.02 --rational-matrix-policy-group-end 0.30 --rational-matrix-policy-group-min-scale 0.75 --rational-matrix-policy-group-max-scale 1.35,matrixpolicy_live_stats_20260712,experiments/manifests/iclr26_e8_primary_manifest.csv,35
12,E8_primary_100m_dclm_m0_100m_seed1337_rlb_matrixpolicy_original_lr5em4_wd0p00,E8_primary_100m,dclm,mlfoundations/dclm-baseline-1.0,none,text,train,train,210000000,M0,12,768,12,2048,256,16,2,32768,100000000,4000000,3050,50,10,1337,rlb_matrixpolicy_original,rlb_fused_global_rational,rational_matrix_policy_onpolicy,0.0005,0.00005,0.00,--rational-matrix-policy-backbone-optimizer adamw --rational-matrix-policy-adam-lr-scale 3.0 --rational-matrix-policy-group-gain-strength 0.20 --rational-matrix-policy-group-pressure-strength 0.10 --rational-matrix-policy-group-activity-damping 0.20 --rational-matrix-policy-group-start 0.02 --rational-matrix-policy-group-end 0.30 --rational-matrix-policy-group-min-scale 0.75 --rational-matrix-policy-group-max-scale 1.35,matrixpolicy_live_stats_20260712,experiments/manifests/iclr26_e8_primary_manifest.csv,38
13,E8_primary_100m_dclm_m0_100m_seed1337_rlb_matrixpolicy_original_lr5em4_wd0p05,E8_primary_100m,dclm,mlfoundations/dclm-baseline-1.0,none,text,train,train,210000000,M0,12,768,12,2048,256,16,2,32768,100000000,4000000,3050,50,10,1337,rlb_matrixpolicy_original,rlb_fused_global_rational,rational_matrix_policy_onpolicy,0.0005,0.00005,0.05,--rational-matrix-policy-backbone-optimizer adamw --rational-matrix-policy-adam-lr-scale 3.0 --rational-matrix-policy-group-gain-strength 0.20 --rational-matrix-policy-group-pressure-strength 0.10 --rational-matrix-policy-group-activity-damping 0.20 --rational-matrix-policy-group-start 0.02 --rational-matrix-policy-group-end 0.30 --rational-matrix-policy-group-min-scale 0.75 --rational-matrix-policy-group-max-scale 1.35,matrixpolicy_live_stats_20260712,experiments/manifests/iclr26_e8_primary_manifest.csv,41
14,E8_primary_100m_dclm_m0_100m_seed1337_rlb_matrixpolicy_original_lr5em4_wd0p10,E8_primary_100m,dclm,mlfoundations/dclm-baseline-1.0,none,text,train,train,210000000,M0,12,768,12,2048,256,16,2,32768,100000000,4000000,3050,50,10,1337,rlb_matrixpolicy_original,rlb_fused_global_rational,rational_matrix_policy_onpolicy,0.0005,0.00005,0.10,--rational-matrix-policy-backbone-optimizer adamw --rational-matrix-policy-adam-lr-scale 3.0 --rational-matrix-policy-group-gain-strength 0.20 --rational-matrix-policy-group-pressure-strength 0.10 --rational-matrix-policy-group-activity-damping 0.20 --rational-matrix-policy-group-start 0.02 --rational-matrix-policy-group-end 0.30 --rational-matrix-policy-group-min-scale 0.75 --rational-matrix-policy-group-max-scale 1.35,matrixpolicy_live_stats_20260712,experiments/manifests/iclr26_e8_primary_manifest.csv,44
15,E8_primary_100m_dclm_m0_100m_seed1337_rlb_matrixpolicy_original_lr5em4_wd0p20,E8_primary_100m,dclm,mlfoundations/dclm-baseline-1.0,none,text,train,train,210000000,M0,12,768,12,2048,256,16,2,32768,100000000,4000000,3050,50,10,1337,rlb_matrixpolicy_original,rlb_fused_global_rational,rational_matrix_policy_onpolicy,0.0005,0.00005,0.20,--rational-matrix-policy-backbone-optimizer adamw --rational-matrix-policy-adam-lr-scale 3.0 --rational-matrix-policy-group-gain-strength 0.20 --rational-matrix-policy-group-pressure-strength 0.10 --rational-matrix-policy-group-activity-damping 0.20 --rational-matrix-policy-group-start 0.02 --rational-matrix-policy-group-end 0.30 --rational-matrix-policy-group-min-scale 0.75 --rational-matrix-policy-group-max-scale 1.35,matrixpolicy_live_stats_20260712,experiments/manifests/iclr26_e8_primary_manifest.csv,47
16,E8_primary_100m_fineweb_edu_m0_100m_seed1337_rlb_matrixpolicy_original_lr1em4_wd0p00,E8_primary_100m,fineweb_edu,HuggingFaceFW/fineweb-edu,sample-10BT,text,train,train,210000000,M0,12,768,12,2048,256,16,2,32768,100000000,4000000,3050,50,10,1337,rlb_matrixpolicy_original,rlb_fused_global_rational,rational_matrix_policy_onpolicy,0.0001,0.00001,0.00,--rational-matrix-policy-backbone-optimizer adamw --rational-matrix-policy-adam-lr-scale 3.0 --rational-matrix-policy-group-gain-strength 0.20 --rational-matrix-policy-group-pressure-strength 0.10 --rational-matrix-policy-group-activity-damping 0.20 --rational-matrix-policy-group-start 0.02 --rational-matrix-policy-group-end 0.30 --rational-matrix-policy-group-min-scale 0.75 --rational-matrix-policy-group-max-scale 1.35,matrixpolicy_live_stats_20260712,experiments/manifests/iclr26_e8_primary_manifest.csv,50
17,E8_primary_100m_fineweb_edu_m0_100m_seed1337_rlb_matrixpolicy_original_lr1em4_wd0p05,E8_primary_100m,fineweb_edu,HuggingFaceFW/fineweb-edu,sample-10BT,text,train,train,210000000,M0,12,768,12,2048,256,16,2,32768,100000000,4000000,3050,50,10,1337,rlb_matrixpolicy_original,rlb_fused_global_rational,rational_matrix_policy_onpolicy,0.0001,0.00001,0.05,--rational-matrix-policy-backbone-optimizer adamw --rational-matrix-policy-adam-lr-scale 3.0 --rational-matrix-policy-group-gain-strength 0.20 --rational-matrix-policy-group-pressure-strength 0.10 --rational-matrix-policy-group-activity-damping 0.20 --rational-matrix-policy-group-start 0.02 --rational-matrix-policy-group-end 0.30 --rational-matrix-policy-group-min-scale 0.75 --rational-matrix-policy-group-max-scale 1.35,matrixpolicy_live_stats_20260712,experiments/manifests/iclr26_e8_primary_manifest.csv,53
18,E8_primary_100m_fineweb_edu_m0_100m_seed1337_rlb_matrixpolicy_original_lr1em4_wd0p10,E8_primary_100m,fineweb_edu,HuggingFaceFW/fineweb-edu,sample-10BT,text,train,train,210000000,M0,12,768,12,2048,256,16,2,32768,100000000,4000000,3050,50,10,1337,rlb_matrixpolicy_original,rlb_fused_global_rational,rational_matrix_policy_onpolicy,0.0001,0.00001,0.10,--rational-matrix-policy-backbone-optimizer adamw --rational-matrix-policy-adam-lr-scale 3.0 --rational-matrix-policy-group-gain-strength 0.20 --rational-matrix-policy-group-pressure-strength 0.10 --rational-matrix-policy-group-activity-damping 0.20 --rational-matrix-policy-group-start 0.02 --rational-matrix-policy-group-end 0.30 --rational-matrix-policy-group-min-scale 0.75 --rational-matrix-policy-group-max-scale 1.35,matrixpolicy_live_stats_20260712,experiments/manifests/iclr26_e8_primary_manifest.csv,56
19,E8_primary_100m_fineweb_edu_m0_100m_seed1337_rlb_matrixpolicy_original_lr1em4_wd0p20,E8_primary_100m,fineweb_edu,HuggingFaceFW/fineweb-edu,sample-10BT,text,train,train,210000000,M0,12,768,12,2048,256,16,2,32768,100000000,4000000,3050,50,10,1337,rlb_matrixpolicy_original,rlb_fused_global_rational,rational_matrix_policy_onpolicy,0.0001,0.00001,0.20,--rational-matrix-policy-backbone-optimizer adamw --rational-matrix-policy-adam-lr-scale 3.0 --rational-matrix-policy-group-gain-strength 0.20 --rational-matrix-policy-group-pressure-strength 0.10 --rational-matrix-policy-group-activity-damping 0.20 --rational-matrix-policy-group-start 0.02 --rational-matrix-policy-group-end 0.30 --rational-matrix-policy-group-min-scale 0.75 --rational-matrix-policy-group-max-scale 1.35,matrixpolicy_live_stats_20260712,experiments/manifests/iclr26_e8_primary_manifest.csv,59
20,E8_primary_100m_fineweb_edu_m0_100m_seed1337_rlb_matrixpolicy_original_lr2em4_wd0p00,E8_primary_100m,fineweb_edu,HuggingFaceFW/fineweb-edu,sample-10BT,text,train,train,210000000,M0,12,768,12,2048,256,16,2,32768,100000000,4000000,3050,50,10,1337,rlb_matrixpolicy_original,rlb_fused_global_rational,rational_matrix_policy_onpolicy,0.0002,0.00002,0.00,--rational-matrix-policy-backbone-optimizer adamw --rational-matrix-policy-adam-lr-scale 3.0 --rational-matrix-policy-group-gain-strength 0.20 --rational-matrix-policy-group-pressure-strength 0.10 --rational-matrix-policy-group-activity-damping 0.20 --rational-matrix-policy-group-start 0.02 --rational-matrix-policy-group-end 0.30 --rational-matrix-policy-group-min-scale 0.75 --rational-matrix-policy-group-max-scale 1.35,matrixpolicy_live_stats_20260712,experiments/manifests/iclr26_e8_primary_manifest.csv,62
21,E8_primary_100m_fineweb_edu_m0_100m_seed1337_rlb_matrixpolicy_original_lr2em4_wd0p05,E8_primary_100m,fineweb_edu,HuggingFaceFW/fineweb-edu,sample-10BT,text,train,train,210000000,M0,12,768,12,2048,256,16,2,32768,100000000,4000000,3050,50,10,1337,rlb_matrixpolicy_original,rlb_fused_global_rational,rational_matrix_policy_onpolicy,0.0002,0.00002,0.05,--rational-matrix-policy-backbone-optimizer adamw --rational-matrix-policy-adam-lr-scale 3.0 --rational-matrix-policy-group-gain-strength 0.20 --rational-matrix-policy-group-pressure-strength 0.10 --rational-matrix-policy-group-activity-damping 0.20 --rational-matrix-policy-group-start 0.02 --rational-matrix-policy-group-end 0.30 --rational-matrix-policy-group-min-scale 0.75 --rational-matrix-policy-group-max-scale 1.35,matrixpolicy_live_stats_20260712,experiments/manifests/iclr26_e8_primary_manifest.csv,65
22,E8_primary_100m_fineweb_edu_m0_100m_seed1337_rlb_matrixpolicy_original_lr2em4_wd0p10,E8_primary_100m,fineweb_edu,HuggingFaceFW/fineweb-edu,sample-10BT,text,train,train,210000000,M0,12,768,12,2048,256,16,2,32768,100000000,4000000,3050,50,10,1337,rlb_matrixpolicy_original,rlb_fused_global_rational,rational_matrix_policy_onpolicy,0.0002,0.00002,0.10,--rational-matrix-policy-backbone-optimizer adamw --rational-matrix-policy-adam-lr-scale 3.0 --rational-matrix-policy-group-gain-strength 0.20 --rational-matrix-policy-group-pressure-strength 0.10 --rational-matrix-policy-group-activity-damping 0.20 --rational-matrix-policy-group-start 0.02 --rational-matrix-policy-group-end 0.30 --rational-matrix-policy-group-min-scale 0.75 --rational-matrix-policy-group-max-scale 1.35,matrixpolicy_live_stats_20260712,experiments/manifests/iclr26_e8_primary_manifest.csv,68
23,E8_primary_100m_fineweb_edu_m0_100m_seed1337_rlb_matrixpolicy_original_lr2em4_wd0p20,E8_primary_100m,fineweb_edu,HuggingFaceFW/fineweb-edu,sample-10BT,text,train,train,210000000,M0,12,768,12,2048,256,16,2,32768,100000000,4000000,3050,50,10,1337,rlb_matrixpolicy_original,rlb_fused_global_rational,rational_matrix_policy_onpolicy,0.0002,0.00002,0.20,--rational-matrix-policy-backbone-optimizer adamw --rational-matrix-policy-adam-lr-scale 3.0 --rational-matrix-policy-group-gain-strength 0.20 --rational-matrix-policy-group-pressure-strength 0.10 --rational-matrix-policy-group-activity-damping 0.20 --rational-matrix-policy-group-start 0.02 --rational-matrix-policy-group-end 0.30 --rational-matrix-policy-group-min-scale 0.75 --rational-matrix-policy-group-max-scale 1.35,matrixpolicy_live_stats_20260712,experiments/manifests/iclr26_e8_primary_manifest.csv,71
24,E8_primary_100m_fineweb_edu_m0_100m_seed1337_rlb_matrixpolicy_original_lr3em4_wd0p00,E8_primary_100m,fineweb_edu,HuggingFaceFW/fineweb-edu,sample-10BT,text,train,train,210000000,M0,12,768,12,2048,256,16,2,32768,100000000,4000000,3050,50,10,1337,rlb_matrixpolicy_original,rlb_fused_global_rational,rational_matrix_policy_onpolicy,0.0003,0.00003,0.00,--rational-matrix-policy-backbone-optimizer adamw --rational-matrix-policy-adam-lr-scale 3.0 --rational-matrix-policy-group-gain-strength 0.20 --rational-matrix-policy-group-pressure-strength 0.10 --rational-matrix-policy-group-activity-damping 0.20 --rational-matrix-policy-group-start 0.02 --rational-matrix-policy-group-end 0.30 --rational-matrix-policy-group-min-scale 0.75 --rational-matrix-policy-group-max-scale 1.35,matrixpolicy_live_stats_20260712,experiments/manifests/iclr26_e8_primary_manifest.csv,74
25,E8_primary_100m_fineweb_edu_m0_100m_seed1337_rlb_matrixpolicy_original_lr3em4_wd0p05,E8_primary_100m,fineweb_edu,HuggingFaceFW/fineweb-edu,sample-10BT,text,train,train,210000000,M0,12,768,12,2048,256,16,2,32768,100000000,4000000,3050,50,10,1337,rlb_matrixpolicy_original,rlb_fused_global_rational,rational_matrix_policy_onpolicy,0.0003,0.00003,0.05,--rational-matrix-policy-backbone-optimizer adamw --rational-matrix-policy-adam-lr-scale 3.0 --rational-matrix-policy-group-gain-strength 0.20 --rational-matrix-policy-group-pressure-strength 0.10 --rational-matrix-policy-group-activity-damping 0.20 --rational-matrix-policy-group-start 0.02 --rational-matrix-policy-group-end 0.30 --rational-matrix-policy-group-min-scale 0.75 --rational-matrix-policy-group-max-scale 1.35,matrixpolicy_live_stats_20260712,experiments/manifests/iclr26_e8_primary_manifest.csv,77
26,E8_primary_100m_fineweb_edu_m0_100m_seed1337_rlb_matrixpolicy_original_lr3em4_wd0p10,E8_primary_100m,fineweb_edu,HuggingFaceFW/fineweb-edu,sample-10BT,text,train,train,210000000,M0,12,768,12,2048,256,16,2,32768,100000000,4000000,3050,50,10,1337,rlb_matrixpolicy_original,rlb_fused_global_rational,rational_matrix_policy_onpolicy,0.0003,0.00003,0.10,--rational-matrix-policy-backbone-optimizer adamw --rational-matrix-policy-adam-lr-scale 3.0 --rational-matrix-policy-group-gain-strength 0.20 --rational-matrix-policy-group-pressure-strength 0.10 --rational-matrix-policy-group-activity-damping 0.20 --rational-matrix-policy-group-start 0.02 --rational-matrix-policy-group-end 0.30 --rational-matrix-policy-group-min-scale 0.75 --rational-matrix-policy-group-max-scale 1.35,matrixpolicy_live_stats_20260712,experiments/manifests/iclr26_e8_primary_manifest.csv,80
27,E8_primary_100m_fineweb_edu_m0_100m_seed1337_rlb_matrixpolicy_original_lr3em4_wd0p20,E8_primary_100m,fineweb_edu,HuggingFaceFW/fineweb-edu,sample-10BT,text,train,train,210000000,M0,12,768,12,2048,256,16,2,32768,100000000,4000000,3050,50,10,1337,rlb_matrixpolicy_original,rlb_fused_global_rational,rational_matrix_policy_onpolicy,0.0003,0.00003,0.20,--rational-matrix-policy-backbone-optimizer adamw --rational-matrix-policy-adam-lr-scale 3.0 --rational-matrix-policy-group-gain-strength 0.20 --rational-matrix-policy-group-pressure-strength 0.10 --rational-matrix-policy-group-activity-damping 0.20 --rational-matrix-policy-group-start 0.02 --rational-matrix-policy-group-end 0.30 --rational-matrix-policy-group-min-scale 0.75 --rational-matrix-policy-group-max-scale 1.35,matrixpolicy_live_stats_20260712,experiments/manifests/iclr26_e8_primary_manifest.csv,83
28,E8_primary_100m_fineweb_edu_m0_100m_seed1337_rlb_matrixpolicy_original_lr5em4_wd0p00,E8_primary_100m,fineweb_edu,HuggingFaceFW/fineweb-edu,sample-10BT,text,train,train,210000000,M0,12,768,12,2048,256,16,2,32768,100000000,4000000,3050,50,10,1337,rlb_matrixpolicy_original,rlb_fused_global_rational,rational_matrix_policy_onpolicy,0.0005,0.00005,0.00,--rational-matrix-policy-backbone-optimizer adamw --rational-matrix-policy-adam-lr-scale 3.0 --rational-matrix-policy-group-gain-strength 0.20 --rational-matrix-policy-group-pressure-strength 0.10 --rational-matrix-policy-group-activity-damping 0.20 --rational-matrix-policy-group-start 0.02 --rational-matrix-policy-group-end 0.30 --rational-matrix-policy-group-min-scale 0.75 --rational-matrix-policy-group-max-scale 1.35,matrixpolicy_live_stats_20260712,experiments/manifests/iclr26_e8_primary_manifest.csv,86
29,E8_primary_100m_fineweb_edu_m0_100m_seed1337_rlb_matrixpolicy_original_lr5em4_wd0p05,E8_primary_100m,fineweb_edu,HuggingFaceFW/fineweb-edu,sample-10BT,text,train,train,210000000,M0,12,768,12,2048,256,16,2,32768,100000000,4000000,3050,50,10,1337,rlb_matrixpolicy_original,rlb_fused_global_rational,rational_matrix_policy_onpolicy,0.0005,0.00005,0.05,--rational-matrix-policy-backbone-optimizer adamw --rational-matrix-policy-adam-lr-scale 3.0 --rational-matrix-policy-group-gain-strength 0.20 --rational-matrix-policy-group-pressure-strength 0.10 --rational-matrix-policy-group-activity-damping 0.20 --rational-matrix-policy-group-start 0.02 --rational-matrix-policy-group-end 0.30 --rational-matrix-policy-group-min-scale 0.75 --rational-matrix-policy-group-max-scale 1.35,matrixpolicy_live_stats_20260712,experiments/manifests/iclr26_e8_primary_manifest.csv,89
30,E8_primary_100m_fineweb_edu_m0_100m_seed1337_rlb_matrixpolicy_original_lr5em4_wd0p10,E8_primary_100m,fineweb_edu,HuggingFaceFW/fineweb-edu,sample-10BT,text,train,train,210000000,M0,12,768,12,2048,256,16,2,32768,100000000,4000000,3050,50,10,1337,rlb_matrixpolicy_original,rlb_fused_global_rational,rational_matrix_policy_onpolicy,0.0005,0.00005,0.10,--rational-matrix-policy-backbone-optimizer adamw --rational-matrix-policy-adam-lr-scale 3.0 --rational-matrix-policy-group-gain-strength 0.20 --rational-matrix-policy-group-pressure-strength 0.10 --rational-matrix-policy-group-activity-damping 0.20 --rational-matrix-policy-group-start 0.02 --rational-matrix-policy-group-end 0.30 --rational-matrix-policy-group-min-scale 0.75 --rational-matrix-policy-group-max-scale 1.35,matrixpolicy_live_stats_20260712,experiments/manifests/iclr26_e8_primary_manifest.csv,92
31,E8_primary_100m_fineweb_edu_m0_100m_seed1337_rlb_matrixpolicy_original_lr5em4_wd0p20,E8_primary_100m,fineweb_edu,HuggingFaceFW/fineweb-edu,sample-10BT,text,train,train,210000000,M0,12,768,12,2048,256,16,2,32768,100000000,4000000,3050,50,10,1337,rlb_matrixpolicy_original,rlb_fused_global_rational,rational_matrix_policy_onpolicy,0.0005,0.00005,0.20,--rational-matrix-policy-backbone-optimizer adamw --rational-matrix-policy-adam-lr-scale 3.0 --rational-matrix-policy-group-gain-strength 0.20 --rational-matrix-policy-group-pressure-strength 0.10 --rational-matrix-policy-group-activity-damping 0.20 --rational-matrix-policy-group-start 0.02 --rational-matrix-policy-group-end 0.30 --rational-matrix-policy-group-min-scale 0.75 --rational-matrix-policy-group-max-scale 1.35,matrixpolicy_live_stats_20260712,experiments/manifests/iclr26_e8_primary_manifest.csv,95
32,E8_primary_100m_fineweb_m0_100m_seed1337_rlb_matrixpolicy_original_lr1em4_wd0p00,E8_primary_100m,fineweb,HuggingFaceFW/fineweb,sample-10BT,text,train,train,210000000,M0,12,768,12,2048,256,16,2,32768,100000000,4000000,3050,50,10,1337,rlb_matrixpolicy_original,rlb_fused_global_rational,rational_matrix_policy_onpolicy,0.0001,0.00001,0.00,--rational-matrix-policy-backbone-optimizer adamw --rational-matrix-policy-adam-lr-scale 3.0 --rational-matrix-policy-group-gain-strength 0.20 --rational-matrix-policy-group-pressure-strength 0.10 --rational-matrix-policy-group-activity-damping 0.20 --rational-matrix-policy-group-start 0.02 --rational-matrix-policy-group-end 0.30 --rational-matrix-policy-group-min-scale 0.75 --rational-matrix-policy-group-max-scale 1.35,matrixpolicy_live_stats_20260712,experiments/manifests/iclr26_e8_primary_manifest.csv,98
33,E8_primary_100m_fineweb_m0_100m_seed1337_rlb_matrixpolicy_original_lr1em4_wd0p05,E8_primary_100m,fineweb,HuggingFaceFW/fineweb,sample-10BT,text,train,train,210000000,M0,12,768,12,2048,256,16,2,32768,100000000,4000000,3050,50,10,1337,rlb_matrixpolicy_original,rlb_fused_global_rational,rational_matrix_policy_onpolicy,0.0001,0.00001,0.05,--rational-matrix-policy-backbone-optimizer adamw --rational-matrix-policy-adam-lr-scale 3.0 --rational-matrix-policy-group-gain-strength 0.20 --rational-matrix-policy-group-pressure-strength 0.10 --rational-matrix-policy-group-activity-damping 0.20 --rational-matrix-policy-group-start 0.02 --rational-matrix-policy-group-end 0.30 --rational-matrix-policy-group-min-scale 0.75 --rational-matrix-policy-group-max-scale 1.35,matrixpolicy_live_stats_20260712,experiments/manifests/iclr26_e8_primary_manifest.csv,101
34,E8_primary_100m_fineweb_m0_100m_seed1337_rlb_matrixpolicy_original_lr1em4_wd0p10,E8_primary_100m,fineweb,HuggingFaceFW/fineweb,sample-10BT,text,train,train,210000000,M0,12,768,12,2048,256,16,2,32768,100000000,4000000,3050,50,10,1337,rlb_matrixpolicy_original,rlb_fused_global_rational,rational_matrix_policy_onpolicy,0.0001,0.00001,0.10,--rational-matrix-policy-backbone-optimizer adamw --rational-matrix-policy-adam-lr-scale 3.0 --rational-matrix-policy-group-gain-strength 0.20 --rational-matrix-policy-group-pressure-strength 0.10 --rational-matrix-policy-group-activity-damping 0.20 --rational-matrix-policy-group-start 0.02 --rational-matrix-policy-group-end 0.30 --rational-matrix-policy-group-min-scale 0.75 --rational-matrix-policy-group-max-scale 1.35,matrixpolicy_live_stats_20260712,experiments/manifests/iclr26_e8_primary_manifest.csv,104
35,E8_primary_100m_fineweb_m0_100m_seed1337_rlb_matrixpolicy_original_lr1em4_wd0p20,E8_primary_100m,fineweb,HuggingFaceFW/fineweb,sample-10BT,text,train,train,210000000,M0,12,768,12,2048,256,16,2,32768,100000000,4000000,3050,50,10,1337,rlb_matrixpolicy_original,rlb_fused_global_rational,rational_matrix_policy_onpolicy,0.0001,0.00001,0.20,--rational-matrix-policy-backbone-optimizer adamw --rational-matrix-policy-adam-lr-scale 3.0 --rational-matrix-policy-group-gain-strength 0.20 --rational-matrix-policy-group-pressure-strength 0.10 --rational-matrix-policy-group-activity-damping 0.20 --rational-matrix-policy-group-start 0.02 --rational-matrix-policy-group-end 0.30 --rational-matrix-policy-group-min-scale 0.75 --rational-matrix-policy-group-max-scale 1.35,matrixpolicy_live_stats_20260712,experiments/manifests/iclr26_e8_primary_manifest.csv,107
36,E8_primary_100m_fineweb_m0_100m_seed1337_rlb_matrixpolicy_original_lr2em4_wd0p00,E8_primary_100m,fineweb,HuggingFaceFW/fineweb,sample-10BT,text,train,train,210000000,M0,12,768,12,2048,256,16,2,32768,100000000,4000000,3050,50,10,1337,rlb_matrixpolicy_original,rlb_fused_global_rational,rational_matrix_policy_onpolicy,0.0002,0.00002,0.00,--rational-matrix-policy-backbone-optimizer adamw --rational-matrix-policy-adam-lr-scale 3.0 --rational-matrix-policy-group-gain-strength 0.20 --rational-matrix-policy-group-pressure-strength 0.10 --rational-matrix-policy-group-activity-damping 0.20 --rational-matrix-policy-group-start 0.02 --rational-matrix-policy-group-end 0.30 --rational-matrix-policy-group-min-scale 0.75 --rational-matrix-policy-group-max-scale 1.35,matrixpolicy_live_stats_20260712,experiments/manifests/iclr26_e8_primary_manifest.csv,110
37,E8_primary_100m_fineweb_m0_100m_seed1337_rlb_matrixpolicy_original_lr2em4_wd0p05,E8_primary_100m,fineweb,HuggingFaceFW/fineweb,sample-10BT,text,train,train,210000000,M0,12,768,12,2048,256,16,2,32768,100000000,4000000,3050,50,10,1337,rlb_matrixpolicy_original,rlb_fused_global_rational,rational_matrix_policy_onpolicy,0.0002,0.00002,0.05,--rational-matrix-policy-backbone-optimizer adamw --rational-matrix-policy-adam-lr-scale 3.0 --rational-matrix-policy-group-gain-strength 0.20 --rational-matrix-policy-group-pressure-strength 0.10 --rational-matrix-policy-group-activity-damping 0.20 --rational-matrix-policy-group-start 0.02 --rational-matrix-policy-group-end 0.30 --rational-matrix-policy-group-min-scale 0.75 --rational-matrix-policy-group-max-scale 1.35,matrixpolicy_live_stats_20260712,experiments/manifests/iclr26_e8_primary_manifest.csv,113
38,E8_primary_100m_fineweb_m0_100m_seed1337_rlb_matrixpolicy_original_lr2em4_wd0p10,E8_primary_100m,fineweb,HuggingFaceFW/fineweb,sample-10BT,text,train,train,210000000,M0,12,768,12,2048,256,16,2,32768,100000000,4000000,3050,50,10,1337,rlb_matrixpolicy_original,rlb_fused_global_rational,rational_matrix_policy_onpolicy,0.0002,0.00002,0.10,--rational-matrix-policy-backbone-optimizer adamw --rational-matrix-policy-adam-lr-scale 3.0 --rational-matrix-policy-group-gain-strength 0.20 --rational-matrix-policy-group-pressure-strength 0.10 --rational-matrix-policy-group-activity-damping 0.20 --rational-matrix-policy-group-start 0.02 --rational-matrix-policy-group-end 0.30 --rational-matrix-policy-group-min-scale 0.75 --rational-matrix-policy-group-max-scale 1.35,matrixpolicy_live_stats_20260712,experiments/manifests/iclr26_e8_primary_manifest.csv,116
39,E8_primary_100m_fineweb_m0_100m_seed1337_rlb_matrixpolicy_original_lr2em4_wd0p20,E8_primary_100m,fineweb,HuggingFaceFW/fineweb,sample-10BT,text,train,train,210000000,M0,12,768,12,2048,256,16,2,32768,100000000,4000000,3050,50,10,1337,rlb_matrixpolicy_original,rlb_fused_global_rational,rational_matrix_policy_onpolicy,0.0002,0.00002,0.20,--rational-matrix-policy-backbone-optimizer adamw --rational-matrix-policy-adam-lr-scale 3.0 --rational-matrix-policy-group-gain-strength 0.20 --rational-matrix-policy-group-pressure-strength 0.10 --rational-matrix-policy-group-activity-damping 0.20 --rational-matrix-policy-group-start 0.02 --rational-matrix-policy-group-end 0.30 --rational-matrix-policy-group-min-scale 0.75 --rational-matrix-policy-group-max-scale 1.35,matrixpolicy_live_stats_20260712,experiments/manifests/iclr26_e8_primary_manifest.csv,119
40,E8_primary_100m_fineweb_m0_100m_seed1337_rlb_matrixpolicy_original_lr3em4_wd0p00,E8_primary_100m,fineweb,HuggingFaceFW/fineweb,sample-10BT,text,train,train,210000000,M0,12,768,12,2048,256,16,2,32768,100000000,4000000,3050,50,10,1337,rlb_matrixpolicy_original,rlb_fused_global_rational,rational_matrix_policy_onpolicy,0.0003,0.00003,0.00,--rational-matrix-policy-backbone-optimizer adamw --rational-matrix-policy-adam-lr-scale 3.0 --rational-matrix-policy-group-gain-strength 0.20 --rational-matrix-policy-group-pressure-strength 0.10 --rational-matrix-policy-group-activity-damping 0.20 --rational-matrix-policy-group-start 0.02 --rational-matrix-policy-group-end 0.30 --rational-matrix-policy-group-min-scale 0.75 --rational-matrix-policy-group-max-scale 1.35,matrixpolicy_live_stats_20260712,experiments/manifests/iclr26_e8_primary_manifest.csv,122
41,E8_primary_100m_fineweb_m0_100m_seed1337_rlb_matrixpolicy_original_lr3em4_wd0p05,E8_primary_100m,fineweb,HuggingFaceFW/fineweb,sample-10BT,text,train,train,210000000,M0,12,768,12,2048,256,16,2,32768,100000000,4000000,3050,50,10,1337,rlb_matrixpolicy_original,rlb_fused_global_rational,rational_matrix_policy_onpolicy,0.0003,0.00003,0.05,--rational-matrix-policy-backbone-optimizer adamw --rational-matrix-policy-adam-lr-scale 3.0 --rational-matrix-policy-group-gain-strength 0.20 --rational-matrix-policy-group-pressure-strength 0.10 --rational-matrix-policy-group-activity-damping 0.20 --rational-matrix-policy-group-start 0.02 --rational-matrix-policy-group-end 0.30 --rational-matrix-policy-group-min-scale 0.75 --rational-matrix-policy-group-max-scale 1.35,matrixpolicy_live_stats_20260712,experiments/manifests/iclr26_e8_primary_manifest.csv,125
42,E8_primary_100m_fineweb_m0_100m_seed1337_rlb_matrixpolicy_original_lr3em4_wd0p10,E8_primary_100m,fineweb,HuggingFaceFW/fineweb,sample-10BT,text,train,train,210000000,M0,12,768,12,2048,256,16,2,32768,100000000,4000000,3050,50,10,1337,rlb_matrixpolicy_original,rlb_fused_global_rational,rational_matrix_policy_onpolicy,0.0003,0.00003,0.10,--rational-matrix-policy-backbone-optimizer adamw --rational-matrix-policy-adam-lr-scale 3.0 --rational-matrix-policy-group-gain-strength 0.20 --rational-matrix-policy-group-pressure-strength 0.10 --rational-matrix-policy-group-activity-damping 0.20 --rational-matrix-policy-group-start 0.02 --rational-matrix-policy-group-end 0.30 --rational-matrix-policy-group-min-scale 0.75 --rational-matrix-policy-group-max-scale 1.35,matrixpolicy_live_stats_20260712,experiments/manifests/iclr26_e8_primary_manifest.csv,128
43,E8_primary_100m_fineweb_m0_100m_seed1337_rlb_matrixpolicy_original_lr3em4_wd0p20,E8_primary_100m,fineweb,HuggingFaceFW/fineweb,sample-10BT,text,train,train,210000000,M0,12,768,12,2048,256,16,2,32768,100000000,4000000,3050,50,10,1337,rlb_matrixpolicy_original,rlb_fused_global_rational,rational_matrix_policy_onpolicy,0.0003,0.00003,0.20,--rational-matrix-policy-backbone-optimizer adamw --rational-matrix-policy-adam-lr-scale 3.0 --rational-matrix-policy-group-gain-strength 0.20 --rational-matrix-policy-group-pressure-strength 0.10 --rational-matrix-policy-group-activity-damping 0.20 --rational-matrix-policy-group-start 0.02 --rational-matrix-policy-group-end 0.30 --rational-matrix-policy-group-min-scale 0.75 --rational-matrix-policy-group-max-scale 1.35,matrixpolicy_live_stats_20260712,experiments/manifests/iclr26_e8_primary_manifest.csv,131
44,E8_primary_100m_fineweb_m0_100m_seed1337_rlb_matrixpolicy_original_lr5em4_wd0p00,E8_primary_100m,fineweb,HuggingFaceFW/fineweb,sample-10BT,text,train,train,210000000,M0,12,768,12,2048,256,16,2,32768,100000000,4000000,3050,50,10,1337,rlb_matrixpolicy_original,rlb_fused_global_rational,rational_matrix_policy_onpolicy,0.0005,0.00005,0.00,--rational-matrix-policy-backbone-optimizer adamw --rational-matrix-policy-adam-lr-scale 3.0 --rational-matrix-policy-group-gain-strength 0.20 --rational-matrix-policy-group-pressure-strength 0.10 --rational-matrix-policy-group-activity-damping 0.20 --rational-matrix-policy-group-start 0.02 --rational-matrix-policy-group-end 0.30 --rational-matrix-policy-group-min-scale 0.75 --rational-matrix-policy-group-max-scale 1.35,matrixpolicy_live_stats_20260712,experiments/manifests/iclr26_e8_primary_manifest.csv,134
45,E8_primary_100m_fineweb_m0_100m_seed1337_rlb_matrixpolicy_original_lr5em4_wd0p05,E8_primary_100m,fineweb,HuggingFaceFW/fineweb,sample-10BT,text,train,train,210000000,M0,12,768,12,2048,256,16,2,32768,100000000,4000000,3050,50,10,1337,rlb_matrixpolicy_original,rlb_fused_global_rational,rational_matrix_policy_onpolicy,0.0005,0.00005,0.05,--rational-matrix-policy-backbone-optimizer adamw --rational-matrix-policy-adam-lr-scale 3.0 --rational-matrix-policy-group-gain-strength 0.20 --rational-matrix-policy-group-pressure-strength 0.10 --rational-matrix-policy-group-activity-damping 0.20 --rational-matrix-policy-group-start 0.02 --rational-matrix-policy-group-end 0.30 --rational-matrix-policy-group-min-scale 0.75 --rational-matrix-policy-group-max-scale 1.35,matrixpolicy_live_stats_20260712,experiments/manifests/iclr26_e8_primary_manifest.csv,137
46,E8_primary_100m_fineweb_m0_100m_seed1337_rlb_matrixpolicy_original_lr5em4_wd0p10,E8_primary_100m,fineweb,HuggingFaceFW/fineweb,sample-10BT,text,train,train,210000000,M0,12,768,12,2048,256,16,2,32768,100000000,4000000,3050,50,10,1337,rlb_matrixpolicy_original,rlb_fused_global_rational,rational_matrix_policy_onpolicy,0.0005,0.00005,0.10,--rational-matrix-policy-backbone-optimizer adamw --rational-matrix-policy-adam-lr-scale 3.0 --rational-matrix-policy-group-gain-strength 0.20 --rational-matrix-policy-group-pressure-strength 0.10 --rational-matrix-policy-group-activity-damping 0.20 --rational-matrix-policy-group-start 0.02 --rational-matrix-policy-group-end 0.30 --rational-matrix-policy-group-min-scale 0.75 --rational-matrix-policy-group-max-scale 1.35,matrixpolicy_live_stats_20260712,experiments/manifests/iclr26_e8_primary_manifest.csv,140
47,E8_primary_100m_fineweb_m0_100m_seed1337_rlb_matrixpolicy_original_lr5em4_wd0p20,E8_primary_100m,fineweb,HuggingFaceFW/fineweb,sample-10BT,text,train,train,210000000,M0,12,768,12,2048,256,16,2,32768,100000000,4000000,3050,50,10,1337,rlb_matrixpolicy_original,rlb_fused_global_rational,rational_matrix_policy_onpolicy,0.0005,0.00005,0.20,--rational-matrix-policy-backbone-optimizer adamw --rational-matrix-policy-adam-lr-scale 3.0 --rational-matrix-policy-group-gain-strength 0.20 --rational-matrix-policy-group-pressure-strength 0.10 --rational-matrix-policy-group-activity-damping 0.20 --rational-matrix-policy-group-start 0.02 --rational-matrix-policy-group-end 0.30 --rational-matrix-policy-group-min-scale 0.75 --rational-matrix-policy-group-max-scale 1.35,matrixpolicy_live_stats_20260712,experiments/manifests/iclr26_e8_primary_manifest.csv,143
48,E8_primary_100m_dolma_sample_m0_100m_seed1337_rlb_matrixpolicy_original_lr1em4_wd0p00,E8_primary_100m,dolma_sample,allenai/dolma,v1_6-sample,text,train,train,210000000,M0,12,768,12,2048,256,16,2,32768,100000000,4000000,3050,50,10,1337,rlb_matrixpolicy_original,rlb_fused_global_rational,rational_matrix_policy_onpolicy,0.0001,0.00001,0.00,--rational-matrix-policy-backbone-optimizer adamw --rational-matrix-policy-adam-lr-scale 3.0 --rational-matrix-policy-group-gain-strength 0.20 --rational-matrix-policy-group-pressure-strength 0.10 --rational-matrix-policy-group-activity-damping 0.20 --rational-matrix-policy-group-start 0.02 --rational-matrix-policy-group-end 0.30 --rational-matrix-policy-group-min-scale 0.75 --rational-matrix-policy-group-max-scale 1.35,matrixpolicy_live_stats_20260712,experiments/manifests/iclr26_e8_primary_manifest.csv,146
49,E8_primary_100m_dolma_sample_m0_100m_seed1337_rlb_matrixpolicy_original_lr1em4_wd0p05,E8_primary_100m,dolma_sample,allenai/dolma,v1_6-sample,text,train,train,210000000,M0,12,768,12,2048,256,16,2,32768,100000000,4000000,3050,50,10,1337,rlb_matrixpolicy_original,rlb_fused_global_rational,rational_matrix_policy_onpolicy,0.0001,0.00001,0.05,--rational-matrix-policy-backbone-optimizer adamw --rational-matrix-policy-adam-lr-scale 3.0 --rational-matrix-policy-group-gain-strength 0.20 --rational-matrix-policy-group-pressure-strength 0.10 --rational-matrix-policy-group-activity-damping 0.20 --rational-matrix-policy-group-start 0.02 --rational-matrix-policy-group-end 0.30 --rational-matrix-policy-group-min-scale 0.75 --rational-matrix-policy-group-max-scale 1.35,matrixpolicy_live_stats_20260712,experiments/manifests/iclr26_e8_primary_manifest.csv,149
50,E8_primary_100m_dolma_sample_m0_100m_seed1337_rlb_matrixpolicy_original_lr1em4_wd0p10,E8_primary_100m,dolma_sample,allenai/dolma,v1_6-sample,text,train,train,210000000,M0,12,768,12,2048,256,16,2,32768,100000000,4000000,3050,50,10,1337,rlb_matrixpolicy_original,rlb_fused_global_rational,rational_matrix_policy_onpolicy,0.0001,0.00001,0.10,--rational-matrix-policy-backbone-optimizer adamw --rational-matrix-policy-adam-lr-scale 3.0 --rational-matrix-policy-group-gain-strength 0.20 --rational-matrix-policy-group-pressure-strength 0.10 --rational-matrix-policy-group-activity-damping 0.20 --rational-matrix-policy-group-start 0.02 --rational-matrix-policy-group-end 0.30 --rational-matrix-policy-group-min-scale 0.75 --rational-matrix-policy-group-max-scale 1.35,matrixpolicy_live_stats_20260712,experiments/manifests/iclr26_e8_primary_manifest.csv,152
51,E8_primary_100m_dolma_sample_m0_100m_seed1337_rlb_matrixpolicy_original_lr1em4_wd0p20,E8_primary_100m,dolma_sample,allenai/dolma,v1_6-sample,text,train,train,210000000,M0,12,768,12,2048,256,16,2,32768,100000000,4000000,3050,50,10,1337,rlb_matrixpolicy_original,rlb_fused_global_rational,rational_matrix_policy_onpolicy,0.0001,0.00001,0.20,--rational-matrix-policy-backbone-optimizer adamw --rational-matrix-policy-adam-lr-scale 3.0 --rational-matrix-policy-group-gain-strength 0.20 --rational-matrix-policy-group-pressure-strength 0.10 --rational-matrix-policy-group-activity-damping 0.20 --rational-matrix-policy-group-start 0.02 --rational-matrix-policy-group-end 0.30 --rational-matrix-policy-group-min-scale 0.75 --rational-matrix-policy-group-max-scale 1.35,matrixpolicy_live_stats_20260712,experiments/manifests/iclr26_e8_primary_manifest.csv,155
52,E8_primary_100m_dolma_sample_m0_100m_seed1337_rlb_matrixpolicy_original_lr2em4_wd0p00,E8_primary_100m,dolma_sample,allenai/dolma,v1_6-sample,text,train,train,210000000,M0,12,768,12,2048,256,16,2,32768,100000000,4000000,3050,50,10,1337,rlb_matrixpolicy_original,rlb_fused_global_rational,rational_matrix_policy_onpolicy,0.0002,0.00002,0.00,--rational-matrix-policy-backbone-optimizer adamw --rational-matrix-policy-adam-lr-scale 3.0 --rational-matrix-policy-group-gain-strength 0.20 --rational-matrix-policy-group-pressure-strength 0.10 --rational-matrix-policy-group-activity-damping 0.20 --rational-matrix-policy-group-start 0.02 --rational-matrix-policy-group-end 0.30 --rational-matrix-policy-group-min-scale 0.75 --rational-matrix-policy-group-max-scale 1.35,matrixpolicy_live_stats_20260712,experiments/manifests/iclr26_e8_primary_manifest.csv,158
53,E8_primary_100m_dolma_sample_m0_100m_seed1337_rlb_matrixpolicy_original_lr2em4_wd0p05,E8_primary_100m,dolma_sample,allenai/dolma,v1_6-sample,text,train,train,210000000,M0,12,768,12,2048,256,16,2,32768,100000000,4000000,3050,50,10,1337,rlb_matrixpolicy_original,rlb_fused_global_rational,rational_matrix_policy_onpolicy,0.0002,0.00002,0.05,--rational-matrix-policy-backbone-optimizer adamw --rational-matrix-policy-adam-lr-scale 3.0 --rational-matrix-policy-group-gain-strength 0.20 --rational-matrix-policy-group-pressure-strength 0.10 --rational-matrix-policy-group-activity-damping 0.20 --rational-matrix-policy-group-start 0.02 --rational-matrix-policy-group-end 0.30 --rational-matrix-policy-group-min-scale 0.75 --rational-matrix-policy-group-max-scale 1.35,matrixpolicy_live_stats_20260712,experiments/manifests/iclr26_e8_primary_manifest.csv,161
54,E8_primary_100m_dolma_sample_m0_100m_seed1337_rlb_matrixpolicy_original_lr2em4_wd0p10,E8_primary_100m,dolma_sample,allenai/dolma,v1_6-sample,text,train,train,210000000,M0,12,768,12,2048,256,16,2,32768,100000000,4000000,3050,50,10,1337,rlb_matrixpolicy_original,rlb_fused_global_rational,rational_matrix_policy_onpolicy,0.0002,0.00002,0.10,--rational-matrix-policy-backbone-optimizer adamw --rational-matrix-policy-adam-lr-scale 3.0 --rational-matrix-policy-group-gain-strength 0.20 --rational-matrix-policy-group-pressure-strength 0.10 --rational-matrix-policy-group-activity-damping 0.20 --rational-matrix-policy-group-start 0.02 --rational-matrix-policy-group-end 0.30 --rational-matrix-policy-group-min-scale 0.75 --rational-matrix-policy-group-max-scale 1.35,matrixpolicy_live_stats_20260712,experiments/manifests/iclr26_e8_primary_manifest.csv,164
55,E8_primary_100m_dolma_sample_m0_100m_seed1337_rlb_matrixpolicy_original_lr2em4_wd0p20,E8_primary_100m,dolma_sample,allenai/dolma,v1_6-sample,text,train,train,210000000,M0,12,768,12,2048,256,16,2,32768,100000000,4000000,3050,50,10,1337,rlb_matrixpolicy_original,rlb_fused_global_rational,rational_matrix_policy_onpolicy,0.0002,0.00002,0.20,--rational-matrix-policy-backbone-optimizer adamw --rational-matrix-policy-adam-lr-scale 3.0 --rational-matrix-policy-group-gain-strength 0.20 --rational-matrix-policy-group-pressure-strength 0.10 --rational-matrix-policy-group-activity-damping 0.20 --rational-matrix-policy-group-start 0.02 --rational-matrix-policy-group-end 0.30 --rational-matrix-policy-group-min-scale 0.75 --rational-matrix-policy-group-max-scale 1.35,matrixpolicy_live_stats_20260712,experiments/manifests/iclr26_e8_primary_manifest.csv,167
56,E8_primary_100m_dolma_sample_m0_100m_seed1337_rlb_matrixpolicy_original_lr3em4_wd0p00,E8_primary_100m,dolma_sample,allenai/dolma,v1_6-sample,text,train,train,210000000,M0,12,768,12,2048,256,16,2,32768,100000000,4000000,3050,50,10,1337,rlb_matrixpolicy_original,rlb_fused_global_rational,rational_matrix_policy_onpolicy,0.0003,0.00003,0.00,--rational-matrix-policy-backbone-optimizer adamw --rational-matrix-policy-adam-lr-scale 3.0 --rational-matrix-policy-group-gain-strength 0.20 --rational-matrix-policy-group-pressure-strength 0.10 --rational-matrix-policy-group-activity-damping 0.20 --rational-matrix-policy-group-start 0.02 --rational-matrix-policy-group-end 0.30 --rational-matrix-policy-group-min-scale 0.75 --rational-matrix-policy-group-max-scale 1.35,matrixpolicy_live_stats_20260712,experiments/manifests/iclr26_e8_primary_manifest.csv,170
57,E8_primary_100m_dolma_sample_m0_100m_seed1337_rlb_matrixpolicy_original_lr3em4_wd0p05,E8_primary_100m,dolma_sample,allenai/dolma,v1_6-sample,text,train,train,210000000,M0,12,768,12,2048,256,16,2,32768,100000000,4000000,3050,50,10,1337,rlb_matrixpolicy_original,rlb_fused_global_rational,rational_matrix_policy_onpolicy,0.0003,0.00003,0.05,--rational-matrix-policy-backbone-optimizer adamw --rational-matrix-policy-adam-lr-scale 3.0 --rational-matrix-policy-group-gain-strength 0.20 --rational-matrix-policy-group-pressure-strength 0.10 --rational-matrix-policy-group-activity-damping 0.20 --rational-matrix-policy-group-start 0.02 --rational-matrix-policy-group-end 0.30 --rational-matrix-policy-group-min-scale 0.75 --rational-matrix-policy-group-max-scale 1.35,matrixpolicy_live_stats_20260712,experiments/manifests/iclr26_e8_primary_manifest.csv,173
58,E8_primary_100m_dolma_sample_m0_100m_seed1337_rlb_matrixpolicy_original_lr3em4_wd0p10,E8_primary_100m,dolma_sample,allenai/dolma,v1_6-sample,text,train,train,210000000,M0,12,768,12,2048,256,16,2,32768,100000000,4000000,3050,50,10,1337,rlb_matrixpolicy_original,rlb_fused_global_rational,rational_matrix_policy_onpolicy,0.0003,0.00003,0.10,--rational-matrix-policy-backbone-optimizer adamw --rational-matrix-policy-adam-lr-scale 3.0 --rational-matrix-policy-group-gain-strength 0.20 --rational-matrix-policy-group-pressure-strength 0.10 --rational-matrix-policy-group-activity-damping 0.20 --rational-matrix-policy-group-start 0.02 --rational-matrix-policy-group-end 0.30 --rational-matrix-policy-group-min-scale 0.75 --rational-matrix-policy-group-max-scale 1.35,matrixpolicy_live_stats_20260712,experiments/manifests/iclr26_e8_primary_manifest.csv,176
59,E8_primary_100m_dolma_sample_m0_100m_seed1337_rlb_matrixpolicy_original_lr3em4_wd0p20,E8_primary_100m,dolma_sample,allenai/dolma,v1_6-sample,text,train,train,210000000,M0,12,768,12,2048,256,16,2,32768,100000000,4000000,3050,50,10,1337,rlb_matrixpolicy_original,rlb_fused_global_rational,rational_matrix_policy_onpolicy,0.0003,0.00003,0.20,--rational-matrix-policy-backbone-optimizer adamw --rational-matrix-policy-adam-lr-scale 3.0 --rational-matrix-policy-group-gain-strength 0.20 --rational-matrix-policy-group-pressure-strength 0.10 --rational-matrix-policy-group-activity-damping 0.20 --rational-matrix-policy-group-start 0.02 --rational-matrix-policy-group-end 0.30 --rational-matrix-policy-group-min-scale 0.75 --rational-matrix-policy-group-max-scale 1.35,matrixpolicy_live_stats_20260712,experiments/manifests/iclr26_e8_primary_manifest.csv,179
60,E8_primary_100m_dolma_sample_m0_100m_seed1337_rlb_matrixpolicy_original_lr5em4_wd0p00,E8_primary_100m,dolma_sample,allenai/dolma,v1_6-sample,text,train,train,210000000,M0,12,768,12,2048,256,16,2,32768,100000000,4000000,3050,50,10,1337,rlb_matrixpolicy_original,rlb_fused_global_rational,rational_matrix_policy_onpolicy,0.0005,0.00005,0.00,--rational-matrix-policy-backbone-optimizer adamw --rational-matrix-policy-adam-lr-scale 3.0 --rational-matrix-policy-group-gain-strength 0.20 --rational-matrix-policy-group-pressure-strength 0.10 --rational-matrix-policy-group-activity-damping 0.20 --rational-matrix-policy-group-start 0.02 --rational-matrix-policy-group-end 0.30 --rational-matrix-policy-group-min-scale 0.75 --rational-matrix-policy-group-max-scale 1.35,matrixpolicy_live_stats_20260712,experiments/manifests/iclr26_e8_primary_manifest.csv,182
61,E8_primary_100m_dolma_sample_m0_100m_seed1337_rlb_matrixpolicy_original_lr5em4_wd0p05,E8_primary_100m,dolma_sample,allenai/dolma,v1_6-sample,text,train,train,210000000,M0,12,768,12,2048,256,16,2,32768,100000000,4000000,3050,50,10,1337,rlb_matrixpolicy_original,rlb_fused_global_rational,rational_matrix_policy_onpolicy,0.0005,0.00005,0.05,--rational-matrix-policy-backbone-optimizer adamw --rational-matrix-policy-adam-lr-scale 3.0 --rational-matrix-policy-group-gain-strength 0.20 --rational-matrix-policy-group-pressure-strength 0.10 --rational-matrix-policy-group-activity-damping 0.20 --rational-matrix-policy-group-start 0.02 --rational-matrix-policy-group-end 0.30 --rational-matrix-policy-group-min-scale 0.75 --rational-matrix-policy-group-max-scale 1.35,matrixpolicy_live_stats_20260712,experiments/manifests/iclr26_e8_primary_manifest.csv,185
62,E8_primary_100m_dolma_sample_m0_100m_seed1337_rlb_matrixpolicy_original_lr5em4_wd0p10,E8_primary_100m,dolma_sample,allenai/dolma,v1_6-sample,text,train,train,210000000,M0,12,768,12,2048,256,16,2,32768,100000000,4000000,3050,50,10,1337,rlb_matrixpolicy_original,rlb_fused_global_rational,rational_matrix_policy_onpolicy,0.0005,0.00005,0.10,--rational-matrix-policy-backbone-optimizer adamw --rational-matrix-policy-adam-lr-scale 3.0 --rational-matrix-policy-group-gain-strength 0.20 --rational-matrix-policy-group-pressure-strength 0.10 --rational-matrix-policy-group-activity-damping 0.20 --rational-matrix-policy-group-start 0.02 --rational-matrix-policy-group-end 0.30 --rational-matrix-policy-group-min-scale 0.75 --rational-matrix-policy-group-max-scale 1.35,matrixpolicy_live_stats_20260712,experiments/manifests/iclr26_e8_primary_manifest.csv,188
63,E8_primary_100m_dolma_sample_m0_100m_seed1337_rlb_matrixpolicy_original_lr5em4_wd0p20,E8_primary_100m,dolma_sample,allenai/dolma,v1_6-sample,text,train,train,210000000,M0,12,768,12,2048,256,16,2,32768,100000000,4000000,3050,50,10,1337,rlb_matrixpolicy_original,rlb_fused_global_rational,rational_matrix_policy_onpolicy,0.0005,0.00005,0.20,--rational-matrix-policy-backbone-optimizer adamw --rational-matrix-policy-adam-lr-scale 3.0 --rational-matrix-policy-group-gain-strength 0.20 --rational-matrix-policy-group-pressure-strength 0.10 --rational-matrix-policy-group-activity-damping 0.20 --rational-matrix-policy-group-start 0.02 --rational-matrix-policy-group-end 0.30 --rational-matrix-policy-group-min-scale 0.75 --rational-matrix-policy-group-max-scale 1.35,matrixpolicy_live_stats_20260712,experiments/manifests/iclr26_e8_primary_manifest.csv,191
64,E8_primary_100m_c4_en_m0_100m_seed1337_rlb_matrixpolicy_original_lr1em4_wd0p00,E8_primary_100m,c4_en,allenai/c4,en,text,train,validation,0,M0,12,768,12,2048,256,16,2,32768,100000000,4000000,3050,50,10,1337,rlb_matrixpolicy_original,rlb_fused_global_rational,rational_matrix_policy_onpolicy,0.0001,0.00001,0.00,--rational-matrix-policy-backbone-optimizer adamw --rational-matrix-policy-adam-lr-scale 3.0 --rational-matrix-policy-group-gain-strength 0.20 --rational-matrix-policy-group-pressure-strength 0.10 --rational-matrix-policy-group-activity-damping 0.20 --rational-matrix-policy-group-start 0.02 --rational-matrix-policy-group-end 0.30 --rational-matrix-policy-group-min-scale 0.75 --rational-matrix-policy-group-max-scale 1.35,matrixpolicy_live_stats_20260712,experiments/manifests/iclr26_e8_primary_manifest.csv,194
65,E8_primary_100m_c4_en_m0_100m_seed1337_rlb_matrixpolicy_original_lr1em4_wd0p05,E8_primary_100m,c4_en,allenai/c4,en,text,train,validation,0,M0,12,768,12,2048,256,16,2,32768,100000000,4000000,3050,50,10,1337,rlb_matrixpolicy_original,rlb_fused_global_rational,rational_matrix_policy_onpolicy,0.0001,0.00001,0.05,--rational-matrix-policy-backbone-optimizer adamw --rational-matrix-policy-adam-lr-scale 3.0 --rational-matrix-policy-group-gain-strength 0.20 --rational-matrix-policy-group-pressure-strength 0.10 --rational-matrix-policy-group-activity-damping 0.20 --rational-matrix-policy-group-start 0.02 --rational-matrix-policy-group-end 0.30 --rational-matrix-policy-group-min-scale 0.75 --rational-matrix-policy-group-max-scale 1.35,matrixpolicy_live_stats_20260712,experiments/manifests/iclr26_e8_primary_manifest.csv,197
66,E8_primary_100m_c4_en_m0_100m_seed1337_rlb_matrixpolicy_original_lr1em4_wd0p10,E8_primary_100m,c4_en,allenai/c4,en,text,train,validation,0,M0,12,768,12,2048,256,16,2,32768,100000000,4000000,3050,50,10,1337,rlb_matrixpolicy_original,rlb_fused_global_rational,rational_matrix_policy_onpolicy,0.0001,0.00001,0.10,--rational-matrix-policy-backbone-optimizer adamw --rational-matrix-policy-adam-lr-scale 3.0 --rational-matrix-policy-group-gain-strength 0.20 --rational-matrix-policy-group-pressure-strength 0.10 --rational-matrix-policy-group-activity-damping 0.20 --rational-matrix-policy-group-start 0.02 --rational-matrix-policy-group-end 0.30 --rational-matrix-policy-group-min-scale 0.75 --rational-matrix-policy-group-max-scale 1.35,matrixpolicy_live_stats_20260712,experiments/manifests/iclr26_e8_primary_manifest.csv,200
67,E8_primary_100m_c4_en_m0_100m_seed1337_rlb_matrixpolicy_original_lr1em4_wd0p20,E8_primary_100m,c4_en,allenai/c4,en,text,train,validation,0,M0,12,768,12,2048,256,16,2,32768,100000000,4000000,3050,50,10,1337,rlb_matrixpolicy_original,rlb_fused_global_rational,rational_matrix_policy_onpolicy,0.0001,0.00001,0.20,--rational-matrix-policy-backbone-optimizer adamw --rational-matrix-policy-adam-lr-scale 3.0 --rational-matrix-policy-group-gain-strength 0.20 --rational-matrix-policy-group-pressure-strength 0.10 --rational-matrix-policy-group-activity-damping 0.20 --rational-matrix-policy-group-start 0.02 --rational-matrix-policy-group-end 0.30 --rational-matrix-policy-group-min-scale 0.75 --rational-matrix-policy-group-max-scale 1.35,matrixpolicy_live_stats_20260712,experiments/manifests/iclr26_e8_primary_manifest.csv,203
68,E8_primary_100m_c4_en_m0_100m_seed1337_rlb_matrixpolicy_original_lr2em4_wd0p00,E8_primary_100m,c4_en,allenai/c4,en,text,train,validation,0,M0,12,768,12,2048,256,16,2,32768,100000000,4000000,3050,50,10,1337,rlb_matrixpolicy_original,rlb_fused_global_rational,rational_matrix_policy_onpolicy,0.0002,0.00002,0.00,--rational-matrix-policy-backbone-optimizer adamw --rational-matrix-policy-adam-lr-scale 3.0 --rational-matrix-policy-group-gain-strength 0.20 --rational-matrix-policy-group-pressure-strength 0.10 --rational-matrix-policy-group-activity-damping 0.20 --rational-matrix-policy-group-start 0.02 --rational-matrix-policy-group-end 0.30 --rational-matrix-policy-group-min-scale 0.75 --rational-matrix-policy-group-max-scale 1.35,matrixpolicy_live_stats_20260712,experiments/manifests/iclr26_e8_primary_manifest.csv,206
69,E8_primary_100m_c4_en_m0_100m_seed1337_rlb_matrixpolicy_original_lr2em4_wd0p05,E8_primary_100m,c4_en,allenai/c4,en,text,train,validation,0,M0,12,768,12,2048,256,16,2,32768,100000000,4000000,3050,50,10,1337,rlb_matrixpolicy_original,rlb_fused_global_rational,rational_matrix_policy_onpolicy,0.0002,0.00002,0.05,--rational-matrix-policy-backbone-optimizer adamw --rational-matrix-policy-adam-lr-scale 3.0 --rational-matrix-policy-group-gain-strength 0.20 --rational-matrix-policy-group-pressure-strength 0.10 --rational-matrix-policy-group-activity-damping 0.20 --rational-matrix-policy-group-start 0.02 --rational-matrix-policy-group-end 0.30 --rational-matrix-policy-group-min-scale 0.75 --rational-matrix-policy-group-max-scale 1.35,matrixpolicy_live_stats_20260712,experiments/manifests/iclr26_e8_primary_manifest.csv,209
70,E8_primary_100m_c4_en_m0_100m_seed1337_rlb_matrixpolicy_original_lr2em4_wd0p10,E8_primary_100m,c4_en,allenai/c4,en,text,train,validation,0,M0,12,768,12,2048,256,16,2,32768,100000000,4000000,3050,50,10,1337,rlb_matrixpolicy_original,rlb_fused_global_rational,rational_matrix_policy_onpolicy,0.0002,0.00002,0.10,--rational-matrix-policy-backbone-optimizer adamw --rational-matrix-policy-adam-lr-scale 3.0 --rational-matrix-policy-group-gain-strength 0.20 --rational-matrix-policy-group-pressure-strength 0.10 --rational-matrix-policy-group-activity-damping 0.20 --rational-matrix-policy-group-start 0.02 --rational-matrix-policy-group-end 0.30 --rational-matrix-policy-group-min-scale 0.75 --rational-matrix-policy-group-max-scale 1.35,matrixpolicy_live_stats_20260712,experiments/manifests/iclr26_e8_primary_manifest.csv,212
71,E8_primary_100m_c4_en_m0_100m_seed1337_rlb_matrixpolicy_original_lr2em4_wd0p20,E8_primary_100m,c4_en,allenai/c4,en,text,train,validation,0,M0,12,768,12,2048,256,16,2,32768,100000000,4000000,3050,50,10,1337,rlb_matrixpolicy_original,rlb_fused_global_rational,rational_matrix_policy_onpolicy,0.0002,0.00002,0.20,--rational-matrix-policy-backbone-optimizer adamw --rational-matrix-policy-adam-lr-scale 3.0 --rational-matrix-policy-group-gain-strength 0.20 --rational-matrix-policy-group-pressure-strength 0.10 --rational-matrix-policy-group-activity-damping 0.20 --rational-matrix-policy-group-start 0.02 --rational-matrix-policy-group-end 0.30 --rational-matrix-policy-group-min-scale 0.75 --rational-matrix-policy-group-max-scale 1.35,matrixpolicy_live_stats_20260712,experiments/manifests/iclr26_e8_primary_manifest.csv,215
72,E8_primary_100m_c4_en_m0_100m_seed1337_rlb_matrixpolicy_original_lr3em4_wd0p00,E8_primary_100m,c4_en,allenai/c4,en,text,train,validation,0,M0,12,768,12,2048,256,16,2,32768,100000000,4000000,3050,50,10,1337,rlb_matrixpolicy_original,rlb_fused_global_rational,rational_matrix_policy_onpolicy,0.0003,0.00003,0.00,--rational-matrix-policy-backbone-optimizer adamw --rational-matrix-policy-adam-lr-scale 3.0 --rational-matrix-policy-group-gain-strength 0.20 --rational-matrix-policy-group-pressure-strength 0.10 --rational-matrix-policy-group-activity-damping 0.20 --rational-matrix-policy-group-start 0.02 --rational-matrix-policy-group-end 0.30 --rational-matrix-policy-group-min-scale 0.75 --rational-matrix-policy-group-max-scale 1.35,matrixpolicy_live_stats_20260712,experiments/manifests/iclr26_e8_primary_manifest.csv,218
73,E8_primary_100m_c4_en_m0_100m_seed1337_rlb_matrixpolicy_original_lr3em4_wd0p05,E8_primary_100m,c4_en,allenai/c4,en,text,train,validation,0,M0,12,768,12,2048,256,16,2,32768,100000000,4000000,3050,50,10,1337,rlb_matrixpolicy_original,rlb_fused_global_rational,rational_matrix_policy_onpolicy,0.0003,0.00003,0.05,--rational-matrix-policy-backbone-optimizer adamw --rational-matrix-policy-adam-lr-scale 3.0 --rational-matrix-policy-group-gain-strength 0.20 --rational-matrix-policy-group-pressure-strength 0.10 --rational-matrix-policy-group-activity-damping 0.20 --rational-matrix-policy-group-start 0.02 --rational-matrix-policy-group-end 0.30 --rational-matrix-policy-group-min-scale 0.75 --rational-matrix-policy-group-max-scale 1.35,matrixpolicy_live_stats_20260712,experiments/manifests/iclr26_e8_primary_manifest.csv,221
74,E8_primary_100m_c4_en_m0_100m_seed1337_rlb_matrixpolicy_original_lr3em4_wd0p10,E8_primary_100m,c4_en,allenai/c4,en,text,train,validation,0,M0,12,768,12,2048,256,16,2,32768,100000000,4000000,3050,50,10,1337,rlb_matrixpolicy_original,rlb_fused_global_rational,rational_matrix_policy_onpolicy,0.0003,0.00003,0.10,--rational-matrix-policy-backbone-optimizer adamw --rational-matrix-policy-adam-lr-scale 3.0 --rational-matrix-policy-group-gain-strength 0.20 --rational-matrix-policy-group-pressure-strength 0.10 --rational-matrix-policy-group-activity-damping 0.20 --rational-matrix-policy-group-start 0.02 --rational-matrix-policy-group-end 0.30 --rational-matrix-policy-group-min-scale 0.75 --rational-matrix-policy-group-max-scale 1.35,matrixpolicy_live_stats_20260712,experiments/manifests/iclr26_e8_primary_manifest.csv,224
75,E8_primary_100m_c4_en_m0_100m_seed1337_rlb_matrixpolicy_original_lr3em4_wd0p20,E8_primary_100m,c4_en,allenai/c4,en,text,train,validation,0,M0,12,768,12,2048,256,16,2,32768,100000000,4000000,3050,50,10,1337,rlb_matrixpolicy_original,rlb_fused_global_rational,rational_matrix_policy_onpolicy,0.0003,0.00003,0.20,--rational-matrix-policy-backbone-optimizer adamw --rational-matrix-policy-adam-lr-scale 3.0 --rational-matrix-policy-group-gain-strength 0.20 --rational-matrix-policy-group-pressure-strength 0.10 --rational-matrix-policy-group-activity-damping 0.20 --rational-matrix-policy-group-start 0.02 --rational-matrix-policy-group-end 0.30 --rational-matrix-policy-group-min-scale 0.75 --rational-matrix-policy-group-max-scale 1.35,matrixpolicy_live_stats_20260712,experiments/manifests/iclr26_e8_primary_manifest.csv,227
76,E8_primary_100m_c4_en_m0_100m_seed1337_rlb_matrixpolicy_original_lr5em4_wd0p00,E8_primary_100m,c4_en,allenai/c4,en,text,train,validation,0,M0,12,768,12,2048,256,16,2,32768,100000000,4000000,3050,50,10,1337,rlb_matrixpolicy_original,rlb_fused_global_rational,rational_matrix_policy_onpolicy,0.0005,0.00005,0.00,--rational-matrix-policy-backbone-optimizer adamw --rational-matrix-policy-adam-lr-scale 3.0 --rational-matrix-policy-group-gain-strength 0.20 --rational-matrix-policy-group-pressure-strength 0.10 --rational-matrix-policy-group-activity-damping 0.20 --rational-matrix-policy-group-start 0.02 --rational-matrix-policy-group-end 0.30 --rational-matrix-policy-group-min-scale 0.75 --rational-matrix-policy-group-max-scale 1.35,matrixpolicy_live_stats_20260712,experiments/manifests/iclr26_e8_primary_manifest.csv,230
77,E8_primary_100m_c4_en_m0_100m_seed1337_rlb_matrixpolicy_original_lr5em4_wd0p05,E8_primary_100m,c4_en,allenai/c4,en,text,train,validation,0,M0,12,768,12,2048,256,16,2,32768,100000000,4000000,3050,50,10,1337,rlb_matrixpolicy_original,rlb_fused_global_rational,rational_matrix_policy_onpolicy,0.0005,0.00005,0.05,--rational-matrix-policy-backbone-optimizer adamw --rational-matrix-policy-adam-lr-scale 3.0 --rational-matrix-policy-group-gain-strength 0.20 --rational-matrix-policy-group-pressure-strength 0.10 --rational-matrix-policy-group-activity-damping 0.20 --rational-matrix-policy-group-start 0.02 --rational-matrix-policy-group-end 0.30 --rational-matrix-policy-group-min-scale 0.75 --rational-matrix-policy-group-max-scale 1.35,matrixpolicy_live_stats_20260712,experiments/manifests/iclr26_e8_primary_manifest.csv,233
78,E8_primary_100m_c4_en_m0_100m_seed1337_rlb_matrixpolicy_original_lr5em4_wd0p10,E8_primary_100m,c4_en,allenai/c4,en,text,train,validation,0,M0,12,768,12,2048,256,16,2,32768,100000000,4000000,3050,50,10,1337,rlb_matrixpolicy_original,rlb_fused_global_rational,rational_matrix_policy_onpolicy,0.0005,0.00005,0.10,--rational-matrix-policy-backbone-optimizer adamw --rational-matrix-policy-adam-lr-scale 3.0 --rational-matrix-policy-group-gain-strength 0.20 --rational-matrix-policy-group-pressure-strength 0.10 --rational-matrix-policy-group-activity-damping 0.20 --rational-matrix-policy-group-start 0.02 --rational-matrix-policy-group-end 0.30 --rational-matrix-policy-group-min-scale 0.75 --rational-matrix-policy-group-max-scale 1.35,matrixpolicy_live_stats_20260712,experiments/manifests/iclr26_e8_primary_manifest.csv,236
79,E8_primary_100m_c4_en_m0_100m_seed1337_rlb_matrixpolicy_original_lr5em4_wd0p20,E8_primary_100m,c4_en,allenai/c4,en,text,train,validation,0,M0,12,768,12,2048,256,16,2,32768,100000000,4000000,3050,50,10,1337,rlb_matrixpolicy_original,rlb_fused_global_rational,rational_matrix_policy_onpolicy,0.0005,0.00005,0.20,--rational-matrix-policy-backbone-optimizer adamw --rational-matrix-policy-adam-lr-scale 3.0 --rational-matrix-policy-group-gain-strength 0.20 --rational-matrix-policy-group-pressure-strength 0.10 --rational-matrix-policy-group-activity-damping 0.20 --rational-matrix-policy-group-start 0.02 --rational-matrix-policy-group-end 0.30 --rational-matrix-policy-group-min-scale 0.75 --rational-matrix-policy-group-max-scale 1.35,matrixpolicy_live_stats_20260712,experiments/manifests/iclr26_e8_primary_manifest.csv,239
