budget_tokens,dataset,target_loss,baseline,method,n_pairs,common_hits,baseline_only_hits,method_only_hits,both_missing,wins_method_earlier,ties_same_tokens,losses_method_later,mean_delta_method_minus_baseline_tokens,median_delta_method_minus_baseline_tokens,mean_delta_method_minus_baseline_hit_minutes,mean_delta_method_minus_baseline_final_loss
100000000,c4_en,4.30,full,no_role_depth,3,1,2,0,0,0,0,1,4915200.000,4915200.000,3.305,0.014944
100000000,c4_en,4.30,full,role_depth_v2,3,3,0,0,0,0,3,0,0.000,0.000,2.360,0.000045
100000000,c4_en,4.30,full,role_depth_v3,3,1,2,0,0,0,0,1,4915200.000,4915200.000,-0.972,0.015746
100000000,c4_en,4.30,full,role_depth_v4,3,2,1,0,0,0,1,1,819200.000,819200.000,2.543,0.004075
100000000,c4_en,4.30,full,role_depth_v5,3,3,0,0,0,0,3,0,0.000,0.000,0.607,0.000070
100000000,c4_en,4.30,full,role_depth_v6,3,2,1,0,0,0,0,2,1638400.000,1638400.000,2.442,0.004568
100000000,c4_en,4.30,no_role_depth,full,3,1,0,2,0,1,0,0,-4915200.000,-4915200.000,-3.305,-0.014944
100000000,c4_en,4.30,no_role_depth,role_depth_v2,3,1,0,2,0,1,0,0,-4915200.000,-4915200.000,-3.580,-0.014899
100000000,c4_en,4.30,no_role_depth,role_depth_v3,3,1,0,0,2,0,1,0,0.000,0.000,-4.277,0.000802
100000000,c4_en,4.30,no_role_depth,role_depth_v4,3,1,0,1,1,1,0,0,-4915200.000,-4915200.000,-1.180,-0.010869
100000000,c4_en,4.30,no_role_depth,role_depth_v5,3,1,0,2,0,1,0,0,-4915200.000,-4915200.000,-1.290,-0.014874
100000000,c4_en,4.30,no_role_depth,role_depth_v6,3,1,0,1,1,1,0,0,-3276800.000,-3276800.000,0.730,-0.010376
100000000,c4_en,4.40,full,no_role_depth,3,3,0,0,0,0,0,3,2184533.333,1638400.000,-0.478,0.014944
100000000,c4_en,4.40,full,role_depth_v2,3,3,0,0,0,0,2,1,546133.333,0.000,1.869,0.000045
100000000,c4_en,4.40,full,role_depth_v3,3,3,0,0,0,0,0,3,2184533.333,1638400.000,-0.490,0.015746
100000000,c4_en,4.40,full,role_depth_v4,3,3,0,0,0,0,2,1,546133.333,0.000,0.425,0.004075
100000000,c4_en,4.40,full,role_depth_v5,3,3,0,0,0,0,3,0,0.000,0.000,0.481,0.000070
100000000,c4_en,4.40,full,role_depth_v6,3,3,0,0,0,0,2,1,546133.333,0.000,1.038,0.004568
100000000,c4_en,4.40,no_role_depth,full,3,3,0,0,0,3,0,0,-2184533.333,-1638400.000,0.478,-0.014944
100000000,c4_en,4.40,no_role_depth,role_depth_v2,3,3,0,0,0,3,0,0,-1638400.000,-1638400.000,2.347,-0.014899
100000000,c4_en,4.40,no_role_depth,role_depth_v3,3,3,0,0,0,0,3,0,0.000,0.000,-0.012,0.000802
100000000,c4_en,4.40,no_role_depth,role_depth_v4,3,3,0,0,0,3,0,0,-1638400.000,-1638400.000,0.903,-0.010869
100000000,c4_en,4.40,no_role_depth,role_depth_v5,3,3,0,0,0,3,0,0,-2184533.333,-1638400.000,0.960,-0.014874
100000000,c4_en,4.40,no_role_depth,role_depth_v6,3,3,0,0,0,3,0,0,-1638400.000,-1638400.000,1.517,-0.010376
100000000,c4_en,4.50,full,no_role_depth,3,3,0,0,0,0,1,2,1092266.667,1638400.000,-0.534,0.014944
100000000,c4_en,4.50,full,role_depth_v2,3,3,0,0,0,0,3,0,0.000,0.000,1.429,0.000045
100000000,c4_en,4.50,full,role_depth_v3,3,3,0,0,0,0,2,1,546133.333,0.000,-0.667,0.015746
100000000,c4_en,4.50,full,role_depth_v4,3,3,0,0,0,1,2,0,-546133.333,0.000,0.142,0.004075
100000000,c4_en,4.50,full,role_depth_v5,3,3,0,0,0,1,2,0,-546133.333,0.000,0.274,0.000070
100000000,c4_en,4.50,full,role_depth_v6,3,3,0,0,0,1,2,0,-546133.333,0.000,0.636,0.004568
100000000,c4_en,4.50,no_role_depth,full,3,3,0,0,0,2,1,0,-1092266.667,-1638400.000,0.534,-0.014944
100000000,c4_en,4.50,no_role_depth,role_depth_v2,3,3,0,0,0,2,1,0,-1092266.667,-1638400.000,1.963,-0.014899
100000000,c4_en,4.50,no_role_depth,role_depth_v3,3,3,0,0,0,1,2,0,-546133.333,0.000,-0.133,0.000802
100000000,c4_en,4.50,no_role_depth,role_depth_v4,3,3,0,0,0,3,0,0,-1638400.000,-1638400.000,0.676,-0.010869
100000000,c4_en,4.50,no_role_depth,role_depth_v5,3,3,0,0,0,3,0,0,-1638400.000,-1638400.000,0.808,-0.014874
100000000,c4_en,4.50,no_role_depth,role_depth_v6,3,3,0,0,0,3,0,0,-1638400.000,-1638400.000,1.170,-0.010376
100000000,c4_en,4.60,full,no_role_depth,3,3,0,0,0,0,2,1,546133.333,0.000,-0.539,0.014944
100000000,c4_en,4.60,full,role_depth_v2,3,3,0,0,0,0,3,0,0.000,0.000,1.207,0.000045
100000000,c4_en,4.60,full,role_depth_v3,3,3,0,0,0,0,2,1,546133.333,0.000,-0.556,0.015746
100000000,c4_en,4.60,full,role_depth_v4,3,3,0,0,0,0,3,0,0.000,0.000,0.230,0.004075
100000000,c4_en,4.60,full,role_depth_v5,3,3,0,0,0,0,3,0,0.000,0.000,0.344,0.000070
100000000,c4_en,4.60,full,role_depth_v6,3,3,0,0,0,1,2,0,-546133.333,0.000,0.536,0.004568
100000000,c4_en,4.60,no_role_depth,full,3,3,0,0,0,1,2,0,-546133.333,0.000,0.539,-0.014944
100000000,c4_en,4.60,no_role_depth,role_depth_v2,3,3,0,0,0,1,2,0,-546133.333,0.000,1.746,-0.014899
100000000,c4_en,4.60,no_role_depth,role_depth_v3,3,3,0,0,0,0,3,0,0.000,0.000,-0.017,0.000802
100000000,c4_en,4.60,no_role_depth,role_depth_v4,3,3,0,0,0,1,2,0,-546133.333,0.000,0.769,-0.010869
100000000,c4_en,4.60,no_role_depth,role_depth_v5,3,3,0,0,0,1,2,0,-546133.333,0.000,0.883,-0.014874
100000000,c4_en,4.60,no_role_depth,role_depth_v6,3,3,0,0,0,2,1,0,-1092266.667,-1638400.000,1.074,-0.010376
100000000,c4_en,4.80,full,no_role_depth,3,3,0,0,0,0,2,1,546133.333,0.000,-0.363,0.014944
100000000,c4_en,4.80,full,role_depth_v2,3,3,0,0,0,0,3,0,0.000,0.000,0.894,0.000045
100000000,c4_en,4.80,full,role_depth_v3,3,3,0,0,0,0,1,2,1092266.667,1638400.000,-0.268,0.015746
100000000,c4_en,4.80,full,role_depth_v4,3,3,0,0,0,0,3,0,0.000,0.000,0.180,0.004075
100000000,c4_en,4.80,full,role_depth_v5,3,3,0,0,0,0,3,0,0.000,0.000,0.265,0.000070
100000000,c4_en,4.80,full,role_depth_v6,3,3,0,0,0,0,3,0,0.000,0.000,0.502,0.004568
100000000,c4_en,4.80,no_role_depth,full,3,3,0,0,0,1,2,0,-546133.333,0.000,0.363,-0.014944
100000000,c4_en,4.80,no_role_depth,role_depth_v2,3,3,0,0,0,1,2,0,-546133.333,0.000,1.257,-0.014899
100000000,c4_en,4.80,no_role_depth,role_depth_v3,3,3,0,0,0,0,2,1,546133.333,0.000,0.094,0.000802
100000000,c4_en,4.80,no_role_depth,role_depth_v4,3,3,0,0,0,1,2,0,-546133.333,0.000,0.543,-0.010869
100000000,c4_en,4.80,no_role_depth,role_depth_v5,3,3,0,0,0,1,2,0,-546133.333,0.000,0.627,-0.014874
100000000,c4_en,4.80,no_role_depth,role_depth_v6,3,3,0,0,0,1,2,0,-546133.333,0.000,0.865,-0.010376
100000000,c4_en,5.00,full,no_role_depth,3,3,0,0,0,0,1,2,1092266.667,1638400.000,-0.157,0.014944
100000000,c4_en,5.00,full,role_depth_v2,3,3,0,0,0,0,3,0,0.000,0.000,0.700,0.000045
100000000,c4_en,5.00,full,role_depth_v3,3,3,0,0,0,0,1,2,1092266.667,1638400.000,-0.159,0.015746
100000000,c4_en,5.00,full,role_depth_v4,3,3,0,0,0,0,3,0,0.000,0.000,0.141,0.004075
100000000,c4_en,5.00,full,role_depth_v5,3,3,0,0,0,0,3,0,0.000,0.000,0.207,0.000070
100000000,c4_en,5.00,full,role_depth_v6,3,3,0,0,0,0,3,0,0.000,0.000,0.393,0.004568
100000000,c4_en,5.00,no_role_depth,full,3,3,0,0,0,2,1,0,-1092266.667,-1638400.000,0.157,-0.014944
100000000,c4_en,5.00,no_role_depth,role_depth_v2,3,3,0,0,0,2,1,0,-1092266.667,-1638400.000,0.857,-0.014899
100000000,c4_en,5.00,no_role_depth,role_depth_v3,3,3,0,0,0,0,3,0,0.000,0.000,-0.003,0.000802
100000000,c4_en,5.00,no_role_depth,role_depth_v4,3,3,0,0,0,2,1,0,-1092266.667,-1638400.000,0.298,-0.010869
100000000,c4_en,5.00,no_role_depth,role_depth_v5,3,3,0,0,0,2,1,0,-1092266.667,-1638400.000,0.364,-0.014874
100000000,c4_en,5.00,no_role_depth,role_depth_v6,3,3,0,0,0,2,1,0,-1092266.667,-1638400.000,0.550,-0.010376
100000000,dclm,4.30,full,no_role_depth,3,3,0,0,0,0,0,3,2730666.667,3276800.000,-3.417,0.012895
100000000,dclm,4.30,full,role_depth_v2,3,3,0,0,0,0,3,0,0.000,0.000,-1.256,-0.001679
100000000,dclm,4.30,full,role_depth_v3,3,3,0,0,0,0,0,3,3276800.000,3276800.000,-1.559,0.011716
100000000,dclm,4.30,full,role_depth_v4,3,3,0,0,0,0,2,1,546133.333,0.000,-2.099,0.002528
100000000,dclm,4.30,full,role_depth_v5,3,3,0,0,0,0,2,1,546133.333,0.000,-1.790,-0.000002
100000000,dclm,4.30,full,role_depth_v6,3,3,0,0,0,0,0,3,1638400.000,1638400.000,-1.174,0.004096
100000000,dclm,4.30,no_role_depth,full,3,3,0,0,0,3,0,0,-2730666.667,-3276800.000,3.417,-0.012895
100000000,dclm,4.30,no_role_depth,role_depth_v2,3,3,0,0,0,3,0,0,-2730666.667,-3276800.000,2.161,-0.014573
100000000,dclm,4.30,no_role_depth,role_depth_v3,3,3,0,0,0,0,2,1,546133.333,0.000,1.858,-0.001179
100000000,dclm,4.30,no_role_depth,role_depth_v4,3,3,0,0,0,3,0,0,-2184533.333,-1638400.000,1.317,-0.010367
100000000,dclm,4.30,no_role_depth,role_depth_v5,3,3,0,0,0,3,0,0,-2184533.333,-1638400.000,1.627,-0.012896
100000000,dclm,4.30,no_role_depth,role_depth_v6,3,3,0,0,0,2,1,0,-1092266.667,-1638400.000,2.242,-0.008798
100000000,dclm,4.35,full,no_role_depth,3,3,0,0,0,0,0,3,2184533.333,1638400.000,-3.021,0.012895
100000000,dclm,4.35,full,role_depth_v2,3,3,0,0,0,0,3,0,0.000,0.000,-1.094,-0.001679
100000000,dclm,4.35,full,role_depth_v3,3,3,0,0,0,0,0,3,2184533.333,1638400.000,-1.489,0.011716
100000000,dclm,4.35,full,role_depth_v4,3,3,0,0,0,0,2,1,546133.333,0.000,-1.807,0.002528
100000000,dclm,4.35,full,role_depth_v5,3,3,0,0,0,0,2,1,546133.333,0.000,-1.547,-0.000002
100000000,dclm,4.35,full,role_depth_v6,3,3,0,0,0,0,1,2,1092266.667,1638400.000,-1.099,0.004096
100000000,dclm,4.35,no_role_depth,full,3,3,0,0,0,3,0,0,-2184533.333,-1638400.000,3.021,-0.012895
100000000,dclm,4.35,no_role_depth,role_depth_v2,3,3,0,0,0,3,0,0,-2184533.333,-1638400.000,1.928,-0.014573
100000000,dclm,4.35,no_role_depth,role_depth_v3,3,3,0,0,0,0,3,0,0.000,0.000,1.533,-0.001179
100000000,dclm,4.35,no_role_depth,role_depth_v4,3,3,0,0,0,3,0,0,-1638400.000,-1638400.000,1.215,-0.010367
100000000,dclm,4.35,no_role_depth,role_depth_v5,3,3,0,0,0,3,0,0,-1638400.000,-1638400.000,1.474,-0.012896
100000000,dclm,4.35,no_role_depth,role_depth_v6,3,3,0,0,0,2,1,0,-1092266.667,-1638400.000,1.922,-0.008798
100000000,dclm,4.45,full,no_role_depth,3,3,0,0,0,0,2,1,546133.333,0.000,-2.723,0.012895
100000000,dclm,4.45,full,role_depth_v2,3,3,0,0,0,0,2,1,546133.333,0.000,-0.759,-0.001679
100000000,dclm,4.45,full,role_depth_v3,3,3,0,0,0,0,2,1,546133.333,0.000,-1.491,0.011716
100000000,dclm,4.45,full,role_depth_v4,3,3,0,0,0,0,2,1,546133.333,0.000,-1.462,0.002528
100000000,dclm,4.45,full,role_depth_v5,3,3,0,0,0,2,0,1,-546133.333,-1638400.000,-1.500,-0.000002
100000000,dclm,4.45,full,role_depth_v6,3,3,0,0,0,1,1,1,0.000,0.000,-1.105,0.004096
100000000,dclm,4.45,no_role_depth,full,3,3,0,0,0,1,2,0,-546133.333,0.000,2.723,-0.012895
100000000,dclm,4.45,no_role_depth,role_depth_v2,3,3,0,0,0,0,3,0,0.000,0.000,1.964,-0.014573
100000000,dclm,4.45,no_role_depth,role_depth_v3,3,3,0,0,0,0,3,0,0.000,0.000,1.233,-0.001179
100000000,dclm,4.45,no_role_depth,role_depth_v4,3,3,0,0,0,0,3,0,0.000,0.000,1.261,-0.010367
100000000,dclm,4.45,no_role_depth,role_depth_v5,3,3,0,0,0,2,1,0,-1092266.667,-1638400.000,1.224,-0.012896
100000000,dclm,4.45,no_role_depth,role_depth_v6,3,3,0,0,0,1,2,0,-546133.333,0.000,1.618,-0.008798
100000000,dclm,4.55,full,no_role_depth,3,3,0,0,0,0,1,2,1092266.667,1638400.000,-2.157,0.012895
100000000,dclm,4.55,full,role_depth_v2,3,3,0,0,0,0,3,0,0.000,0.000,-0.722,-0.001679
100000000,dclm,4.55,full,role_depth_v3,3,3,0,0,0,0,2,1,546133.333,0.000,-1.228,0.011716
100000000,dclm,4.55,full,role_depth_v4,3,3,0,0,0,1,1,1,0.000,0.000,-1.312,0.002528
100000000,dclm,4.55,full,role_depth_v5,3,3,0,0,0,1,2,0,-546133.333,0.000,-1.258,-0.000002
100000000,dclm,4.55,full,role_depth_v6,3,3,0,0,0,1,2,0,-546133.333,0.000,-1.055,0.004096
100000000,dclm,4.55,no_role_depth,full,3,3,0,0,0,2,1,0,-1092266.667,-1638400.000,2.157,-0.012895
100000000,dclm,4.55,no_role_depth,role_depth_v2,3,3,0,0,0,2,1,0,-1092266.667,-1638400.000,1.434,-0.014573
100000000,dclm,4.55,no_role_depth,role_depth_v3,3,3,0,0,0,1,2,0,-546133.333,0.000,0.929,-0.001179
100000000,dclm,4.55,no_role_depth,role_depth_v4,3,3,0,0,0,1,2,0,-1092266.667,0.000,0.845,-0.010367
100000000,dclm,4.55,no_role_depth,role_depth_v5,3,3,0,0,0,2,1,0,-1638400.000,-1638400.000,0.899,-0.012896
100000000,dclm,4.55,no_role_depth,role_depth_v6,3,3,0,0,0,2,1,0,-1638400.000,-1638400.000,1.102,-0.008798
100000000,dclm,4.70,full,no_role_depth,3,3,0,0,0,0,2,1,546133.333,0.000,-1.761,0.012895
100000000,dclm,4.70,full,role_depth_v2,3,3,0,0,0,0,3,0,0.000,0.000,-0.560,-0.001679
100000000,dclm,4.70,full,role_depth_v3,3,3,0,0,0,0,2,1,546133.333,0.000,-0.928,0.011716
100000000,dclm,4.70,full,role_depth_v4,3,3,0,0,0,0,3,0,0.000,0.000,-1.023,0.002528
100000000,dclm,4.70,full,role_depth_v5,3,3,0,0,0,0,3,0,0.000,0.000,-0.893,-0.000002
100000000,dclm,4.70,full,role_depth_v6,3,3,0,0,0,0,3,0,0.000,0.000,-0.732,0.004096
100000000,dclm,4.70,no_role_depth,full,3,3,0,0,0,1,2,0,-546133.333,0.000,1.761,-0.012895
100000000,dclm,4.70,no_role_depth,role_depth_v2,3,3,0,0,0,1,2,0,-546133.333,0.000,1.201,-0.014573
100000000,dclm,4.70,no_role_depth,role_depth_v3,3,3,0,0,0,0,3,0,0.000,0.000,0.834,-0.001179
100000000,dclm,4.70,no_role_depth,role_depth_v4,3,3,0,0,0,1,2,0,-546133.333,0.000,0.738,-0.010367
100000000,dclm,4.70,no_role_depth,role_depth_v5,3,3,0,0,0,1,2,0,-546133.333,0.000,0.869,-0.012896
100000000,dclm,4.70,no_role_depth,role_depth_v6,3,3,0,0,0,1,2,0,-546133.333,0.000,1.029,-0.008798
100000000,dclm,4.90,full,no_role_depth,3,3,0,0,0,0,2,1,546133.333,0.000,-1.299,0.012895
100000000,dclm,4.90,full,role_depth_v2,3,3,0,0,0,0,3,0,0.000,0.000,-0.416,-0.001679
100000000,dclm,4.90,full,role_depth_v3,3,3,0,0,0,0,2,1,546133.333,0.000,-0.665,0.011716
100000000,dclm,4.90,full,role_depth_v4,3,3,0,0,0,0,2,1,546133.333,0.000,-0.654,0.002528
100000000,dclm,4.90,full,role_depth_v5,3,3,0,0,0,0,2,1,546133.333,0.000,-0.561,-0.000002
100000000,dclm,4.90,full,role_depth_v6,3,3,0,0,0,0,3,0,0.000,0.000,-0.551,0.004096
100000000,dclm,4.90,no_role_depth,full,3,3,0,0,0,1,2,0,-546133.333,0.000,1.299,-0.012895
100000000,dclm,4.90,no_role_depth,role_depth_v2,3,3,0,0,0,1,2,0,-546133.333,0.000,0.883,-0.014573
100000000,dclm,4.90,no_role_depth,role_depth_v3,3,3,0,0,0,0,3,0,0.000,0.000,0.634,-0.001179
100000000,dclm,4.90,no_role_depth,role_depth_v4,3,3,0,0,0,0,3,0,0.000,0.000,0.645,-0.010367
100000000,dclm,4.90,no_role_depth,role_depth_v5,3,3,0,0,0,0,3,0,0.000,0.000,0.738,-0.012896
100000000,dclm,4.90,no_role_depth,role_depth_v6,3,3,0,0,0,1,2,0,-546133.333,0.000,0.748,-0.008798
100000000,dolma_sample,4.35,full,no_role_depth,3,3,0,0,0,0,0,3,4369066.667,4915200.000,-0.117,0.012501
100000000,dolma_sample,4.35,full,role_depth_v2,3,3,0,0,0,3,0,0,-1638400.000,-1638400.000,-2.671,-0.004080
100000000,dolma_sample,4.35,full,role_depth_v3,3,3,0,0,0,0,0,3,4369066.667,4915200.000,0.791,0.011774
100000000,dolma_sample,4.35,full,role_depth_v4,3,3,0,0,0,0,3,0,0.000,0.000,0.454,0.000416
100000000,dolma_sample,4.35,full,role_depth_v5,3,3,0,0,0,1,2,0,-546133.333,0.000,-0.731,-0.001987
100000000,dolma_sample,4.35,full,role_depth_v6,3,3,0,0,0,0,1,2,1092266.667,1638400.000,0.482,0.001336
100000000,dolma_sample,4.35,no_role_depth,full,3,3,0,0,0,3,0,0,-4369066.667,-4915200.000,0.117,-0.012501
100000000,dolma_sample,4.35,no_role_depth,role_depth_v2,3,3,0,0,0,3,0,0,-6007466.667,-6553600.000,-2.554,-0.016582
100000000,dolma_sample,4.35,no_role_depth,role_depth_v3,3,3,0,0,0,0,3,0,0.000,0.000,0.907,-0.000727
100000000,dolma_sample,4.35,no_role_depth,role_depth_v4,3,3,0,0,0,3,0,0,-4369066.667,-4915200.000,0.571,-0.012086
100000000,dolma_sample,4.35,no_role_depth,role_depth_v5,3,3,0,0,0,3,0,0,-4915200.000,-4915200.000,-0.615,-0.014489
100000000,dolma_sample,4.35,no_role_depth,role_depth_v6,3,3,0,0,0,3,0,0,-3276800.000,-3276800.000,0.599,-0.011166
100000000,dolma_sample,4.40,full,no_role_depth,3,3,0,0,0,0,0,3,2730666.667,3276800.000,-0.330,0.012501
100000000,dolma_sample,4.40,full,role_depth_v2,3,3,0,0,0,1,2,0,-546133.333,0.000,-2.131,-0.004080
100000000,dolma_sample,4.40,full,role_depth_v3,3,3,0,0,0,0,0,3,2730666.667,3276800.000,0.438,0.011774
100000000,dolma_sample,4.40,full,role_depth_v4,3,3,0,0,0,0,3,0,0.000,0.000,0.399,0.000416
100000000,dolma_sample,4.40,full,role_depth_v5,3,3,0,0,0,1,2,0,-546133.333,0.000,-0.654,-0.001987
100000000,dolma_sample,4.40,full,role_depth_v6,3,3,0,0,0,0,3,0,0.000,0.000,0.204,0.001336
100000000,dolma_sample,4.40,no_role_depth,full,3,3,0,0,0,3,0,0,-2730666.667,-3276800.000,0.330,-0.012501
100000000,dolma_sample,4.40,no_role_depth,role_depth_v2,3,3,0,0,0,3,0,0,-3276800.000,-3276800.000,-1.801,-0.016582
100000000,dolma_sample,4.40,no_role_depth,role_depth_v3,3,3,0,0,0,0,3,0,0.000,0.000,0.768,-0.000727
100000000,dolma_sample,4.40,no_role_depth,role_depth_v4,3,3,0,0,0,3,0,0,-2730666.667,-3276800.000,0.729,-0.012086
100000000,dolma_sample,4.40,no_role_depth,role_depth_v5,3,3,0,0,0,3,0,0,-3276800.000,-3276800.000,-0.324,-0.014489
100000000,dolma_sample,4.40,no_role_depth,role_depth_v6,3,3,0,0,0,3,0,0,-2730666.667,-3276800.000,0.534,-0.011166
100000000,dolma_sample,4.50,full,no_role_depth,3,3,0,0,0,0,1,2,1092266.667,1638400.000,-0.520,0.012501
100000000,dolma_sample,4.50,full,role_depth_v2,3,3,0,0,0,1,2,0,-546133.333,0.000,-1.765,-0.004080
100000000,dolma_sample,4.50,full,role_depth_v3,3,3,0,0,0,0,1,2,1092266.667,1638400.000,0.112,0.011774
100000000,dolma_sample,4.50,full,role_depth_v4,3,3,0,0,0,0,3,0,0.000,0.000,0.325,0.000416
100000000,dolma_sample,4.50,full,role_depth_v5,3,3,0,0,0,0,3,0,0.000,0.000,-0.443,-0.001987
100000000,dolma_sample,4.50,full,role_depth_v6,3,3,0,0,0,0,3,0,0.000,0.000,0.165,0.001336
100000000,dolma_sample,4.50,no_role_depth,full,3,3,0,0,0,2,1,0,-1092266.667,-1638400.000,0.520,-0.012501
100000000,dolma_sample,4.50,no_role_depth,role_depth_v2,3,3,0,0,0,3,0,0,-1638400.000,-1638400.000,-1.244,-0.016582
100000000,dolma_sample,4.50,no_role_depth,role_depth_v3,3,3,0,0,0,0,3,0,0.000,0.000,0.632,-0.000727
100000000,dolma_sample,4.50,no_role_depth,role_depth_v4,3,3,0,0,0,2,1,0,-1092266.667,-1638400.000,0.845,-0.012086
100000000,dolma_sample,4.50,no_role_depth,role_depth_v5,3,3,0,0,0,2,1,0,-1092266.667,-1638400.000,0.076,-0.014489
100000000,dolma_sample,4.50,no_role_depth,role_depth_v6,3,3,0,0,0,2,1,0,-1092266.667,-1638400.000,0.685,-0.011166
100000000,dolma_sample,4.60,full,no_role_depth,3,3,0,0,0,0,1,2,1092266.667,1638400.000,-0.402,0.012501
100000000,dolma_sample,4.60,full,role_depth_v2,3,3,0,0,0,0,3,0,0.000,0.000,-1.402,-0.004080
100000000,dolma_sample,4.60,full,role_depth_v3,3,3,0,0,0,0,1,2,1092266.667,1638400.000,0.134,0.011774
100000000,dolma_sample,4.60,full,role_depth_v4,3,3,0,0,0,0,3,0,0.000,0.000,0.275,0.000416
100000000,dolma_sample,4.60,full,role_depth_v5,3,3,0,0,0,0,3,0,0.000,0.000,-0.375,-0.001987
100000000,dolma_sample,4.60,full,role_depth_v6,3,3,0,0,0,0,3,0,0.000,0.000,0.140,0.001336
100000000,dolma_sample,4.60,no_role_depth,full,3,3,0,0,0,2,1,0,-1092266.667,-1638400.000,0.402,-0.012501
100000000,dolma_sample,4.60,no_role_depth,role_depth_v2,3,3,0,0,0,2,1,0,-1092266.667,-1638400.000,-0.999,-0.016582
100000000,dolma_sample,4.60,no_role_depth,role_depth_v3,3,3,0,0,0,0,3,0,0.000,0.000,0.537,-0.000727
100000000,dolma_sample,4.60,no_role_depth,role_depth_v4,3,3,0,0,0,2,1,0,-1092266.667,-1638400.000,0.677,-0.012086
100000000,dolma_sample,4.60,no_role_depth,role_depth_v5,3,3,0,0,0,2,1,0,-1092266.667,-1638400.000,0.027,-0.014489
100000000,dolma_sample,4.60,no_role_depth,role_depth_v6,3,3,0,0,0,2,1,0,-1092266.667,-1638400.000,0.542,-0.011166
100000000,dolma_sample,4.80,full,no_role_depth,3,3,0,0,0,0,1,2,1092266.667,1638400.000,-0.265,0.012501
100000000,dolma_sample,4.80,full,role_depth_v2,3,3,0,0,0,0,3,0,0.000,0.000,-1.053,-0.004080
100000000,dolma_sample,4.80,full,role_depth_v3,3,3,0,0,0,0,1,2,1092266.667,1638400.000,0.155,0.011774
100000000,dolma_sample,4.80,full,role_depth_v4,3,3,0,0,0,0,3,0,0.000,0.000,0.213,0.000416
100000000,dolma_sample,4.80,full,role_depth_v5,3,3,0,0,0,0,3,0,0.000,0.000,-0.291,-0.001987
100000000,dolma_sample,4.80,full,role_depth_v6,3,3,0,0,0,0,3,0,0.000,0.000,0.103,0.001336
100000000,dolma_sample,4.80,no_role_depth,full,3,3,0,0,0,2,1,0,-1092266.667,-1638400.000,0.265,-0.012501
100000000,dolma_sample,4.80,no_role_depth,role_depth_v2,3,3,0,0,0,2,1,0,-1092266.667,-1638400.000,-0.787,-0.016582
100000000,dolma_sample,4.80,no_role_depth,role_depth_v3,3,3,0,0,0,0,3,0,0.000,0.000,0.420,-0.000727
100000000,dolma_sample,4.80,no_role_depth,role_depth_v4,3,3,0,0,0,2,1,0,-1092266.667,-1638400.000,0.478,-0.012086
100000000,dolma_sample,4.80,no_role_depth,role_depth_v5,3,3,0,0,0,2,1,0,-1092266.667,-1638400.000,-0.025,-0.014489
100000000,dolma_sample,4.80,no_role_depth,role_depth_v6,3,3,0,0,0,2,1,0,-1092266.667,-1638400.000,0.369,-0.011166
100000000,dolma_sample,5.00,full,no_role_depth,3,3,0,0,0,0,2,1,546133.333,0.000,-0.276,0.012501
100000000,dolma_sample,5.00,full,role_depth_v2,3,3,0,0,0,0,3,0,0.000,0.000,-0.841,-0.004080
100000000,dolma_sample,5.00,full,role_depth_v3,3,3,0,0,0,0,2,1,546133.333,0.000,0.042,0.011774
100000000,dolma_sample,5.00,full,role_depth_v4,3,3,0,0,0,0,3,0,0.000,0.000,0.171,0.000416
100000000,dolma_sample,5.00,full,role_depth_v5,3,3,0,0,0,0,3,0,0.000,0.000,-0.234,-0.001987
100000000,dolma_sample,5.00,full,role_depth_v6,3,3,0,0,0,0,3,0,0.000,0.000,0.082,0.001336
100000000,dolma_sample,5.00,no_role_depth,full,3,3,0,0,0,1,2,0,-546133.333,0.000,0.276,-0.012501
100000000,dolma_sample,5.00,no_role_depth,role_depth_v2,3,3,0,0,0,1,2,0,-546133.333,0.000,-0.565,-0.016582
100000000,dolma_sample,5.00,no_role_depth,role_depth_v3,3,3,0,0,0,0,3,0,0.000,0.000,0.318,-0.000727
100000000,dolma_sample,5.00,no_role_depth,role_depth_v4,3,3,0,0,0,1,2,0,-546133.333,0.000,0.447,-0.012086
100000000,dolma_sample,5.00,no_role_depth,role_depth_v5,3,3,0,0,0,1,2,0,-546133.333,0.000,0.043,-0.014489
100000000,dolma_sample,5.00,no_role_depth,role_depth_v6,3,3,0,0,0,1,2,0,-546133.333,0.000,0.359,-0.011166
100000000,fineweb,4.35,full,no_role_depth,3,3,0,0,0,0,0,3,6007466.667,6553600.000,0.167,0.015704
100000000,fineweb,4.35,full,role_depth_v2,3,3,0,0,0,0,3,0,0.000,0.000,-1.670,-0.000522
100000000,fineweb,4.35,full,role_depth_v3,3,3,0,0,0,0,0,3,4915200.000,4915200.000,0.614,0.013512
100000000,fineweb,4.35,full,role_depth_v4,3,3,0,0,0,0,2,1,546133.333,0.000,-0.134,0.002817
100000000,fineweb,4.35,full,role_depth_v5,3,3,0,0,0,0,3,0,0.000,0.000,0.427,-0.000187
100000000,fineweb,4.35,full,role_depth_v6,3,3,0,0,0,0,2,1,546133.333,0.000,0.519,0.003310
100000000,fineweb,4.35,no_role_depth,full,3,3,0,0,0,3,0,0,-6007466.667,-6553600.000,-0.167,-0.015704
100000000,fineweb,4.35,no_role_depth,role_depth_v2,3,3,0,0,0,3,0,0,-6007466.667,-6553600.000,-1.837,-0.016226
100000000,fineweb,4.35,no_role_depth,role_depth_v3,3,3,0,0,0,1,2,0,-1092266.667,0.000,0.447,-0.002192
100000000,fineweb,4.35,no_role_depth,role_depth_v4,3,3,0,0,0,3,0,0,-5461333.333,-4915200.000,-0.301,-0.012888
100000000,fineweb,4.35,no_role_depth,role_depth_v5,3,3,0,0,0,3,0,0,-6007466.667,-6553600.000,0.260,-0.015891
100000000,fineweb,4.35,no_role_depth,role_depth_v6,3,3,0,0,0,3,0,0,-5461333.333,-4915200.000,0.352,-0.012394
100000000,fineweb,4.40,full,no_role_depth,3,3,0,0,0,0,0,3,2730666.667,3276800.000,-0.409,0.015704
100000000,fineweb,4.40,full,role_depth_v2,3,3,0,0,0,0,3,0,0.000,0.000,-1.450,-0.000522
100000000,fineweb,4.40,full,role_depth_v3,3,3,0,0,0,0,0,3,2184533.333,1638400.000,0.077,0.013512
100000000,fineweb,4.40,full,role_depth_v4,3,3,0,0,0,0,3,0,0.000,0.000,-0.199,0.002817
100000000,fineweb,4.40,full,role_depth_v5,3,3,0,0,0,0,3,0,0.000,0.000,0.374,-0.000187
100000000,fineweb,4.40,full,role_depth_v6,3,3,0,0,0,0,3,0,0.000,0.000,0.333,0.003310
100000000,fineweb,4.40,no_role_depth,full,3,3,0,0,0,3,0,0,-2730666.667,-3276800.000,0.409,-0.015704
100000000,fineweb,4.40,no_role_depth,role_depth_v2,3,3,0,0,0,3,0,0,-2730666.667,-3276800.000,-1.041,-0.016226
100000000,fineweb,4.40,no_role_depth,role_depth_v3,3,3,0,0,0,1,2,0,-546133.333,0.000,0.486,-0.002192
100000000,fineweb,4.40,no_role_depth,role_depth_v4,3,3,0,0,0,3,0,0,-2730666.667,-3276800.000,0.211,-0.012888
100000000,fineweb,4.40,no_role_depth,role_depth_v5,3,3,0,0,0,3,0,0,-2730666.667,-3276800.000,0.784,-0.015891
100000000,fineweb,4.40,no_role_depth,role_depth_v6,3,3,0,0,0,3,0,0,-2730666.667,-3276800.000,0.742,-0.012394
100000000,fineweb,4.50,full,no_role_depth,3,3,0,0,0,0,0,3,2184533.333,1638400.000,-0.346,0.015704
100000000,fineweb,4.50,full,role_depth_v2,3,3,0,0,0,0,3,0,0.000,0.000,-1.171,-0.000522
100000000,fineweb,4.50,full,role_depth_v3,3,3,0,0,0,0,0,3,1638400.000,1638400.000,0.056,0.013512
100000000,fineweb,4.50,full,role_depth_v4,3,3,0,0,0,0,3,0,0.000,0.000,-0.151,0.002817
100000000,fineweb,4.50,full,role_depth_v5,3,3,0,0,0,0,3,0,0.000,0.000,0.304,-0.000187
100000000,fineweb,4.50,full,role_depth_v6,3,3,0,0,0,0,3,0,0.000,0.000,0.267,0.003310
100000000,fineweb,4.50,no_role_depth,full,3,3,0,0,0,3,0,0,-2184533.333,-1638400.000,0.346,-0.015704
100000000,fineweb,4.50,no_role_depth,role_depth_v2,3,3,0,0,0,3,0,0,-2184533.333,-1638400.000,-0.826,-0.016226
100000000,fineweb,4.50,no_role_depth,role_depth_v3,3,3,0,0,0,1,2,0,-546133.333,0.000,0.402,-0.002192
100000000,fineweb,4.50,no_role_depth,role_depth_v4,3,3,0,0,0,3,0,0,-2184533.333,-1638400.000,0.195,-0.012888
100000000,fineweb,4.50,no_role_depth,role_depth_v5,3,3,0,0,0,3,0,0,-2184533.333,-1638400.000,0.650,-0.015891
100000000,fineweb,4.50,no_role_depth,role_depth_v6,3,3,0,0,0,3,0,0,-2184533.333,-1638400.000,0.613,-0.012394
100000000,fineweb,4.60,full,no_role_depth,3,3,0,0,0,0,0,3,2184533.333,1638400.000,-0.197,0.015704
100000000,fineweb,4.60,full,role_depth_v2,3,3,0,0,0,0,2,1,546133.333,0.000,-0.849,-0.000522
100000000,fineweb,4.60,full,role_depth_v3,3,3,0,0,0,0,0,3,1638400.000,1638400.000,0.112,0.013512
100000000,fineweb,4.60,full,role_depth_v4,3,3,0,0,0,0,2,1,546133.333,0.000,0.011,0.002817
100000000,fineweb,4.60,full,role_depth_v5,3,3,0,0,0,0,2,1,546133.333,0.000,0.398,-0.000187
100000000,fineweb,4.60,full,role_depth_v6,3,3,0,0,0,0,3,0,0.000,0.000,0.238,0.003310
100000000,fineweb,4.60,no_role_depth,full,3,3,0,0,0,3,0,0,-2184533.333,-1638400.000,0.197,-0.015704
100000000,fineweb,4.60,no_role_depth,role_depth_v2,3,3,0,0,0,3,0,0,-1638400.000,-1638400.000,-0.652,-0.016226
100000000,fineweb,4.60,no_role_depth,role_depth_v3,3,3,0,0,0,1,2,0,-546133.333,0.000,0.308,-0.002192
100000000,fineweb,4.60,no_role_depth,role_depth_v4,3,3,0,0,0,3,0,0,-1638400.000,-1638400.000,0.208,-0.012888
100000000,fineweb,4.60,no_role_depth,role_depth_v5,3,3,0,0,0,3,0,0,-1638400.000,-1638400.000,0.595,-0.015891
100000000,fineweb,4.60,no_role_depth,role_depth_v6,3,3,0,0,0,3,0,0,-2184533.333,-1638400.000,0.435,-0.012394
100000000,fineweb,4.80,full,no_role_depth,3,3,0,0,0,0,0,3,1638400.000,1638400.000,-0.149,0.015704
100000000,fineweb,4.80,full,role_depth_v2,3,3,0,0,0,0,1,2,1092266.667,1638400.000,-0.484,-0.000522
100000000,fineweb,4.80,full,role_depth_v3,3,3,0,0,0,0,0,3,1638400.000,1638400.000,0.172,0.013512
100000000,fineweb,4.80,full,role_depth_v4,3,3,0,0,0,0,3,0,0.000,0.000,-0.093,0.002817
100000000,fineweb,4.80,full,role_depth_v5,3,3,0,0,0,0,3,0,0.000,0.000,0.196,-0.000187
100000000,fineweb,4.80,full,role_depth_v6,3,3,0,0,0,0,3,0,0.000,0.000,0.178,0.003310
100000000,fineweb,4.80,no_role_depth,full,3,3,0,0,0,3,0,0,-1638400.000,-1638400.000,0.149,-0.015704
100000000,fineweb,4.80,no_role_depth,role_depth_v2,3,3,0,0,0,1,2,0,-546133.333,0.000,-0.336,-0.016226
100000000,fineweb,4.80,no_role_depth,role_depth_v3,3,3,0,0,0,0,3,0,0.000,0.000,0.321,-0.002192
100000000,fineweb,4.80,no_role_depth,role_depth_v4,3,3,0,0,0,3,0,0,-1638400.000,-1638400.000,0.056,-0.012888
100000000,fineweb,4.80,no_role_depth,role_depth_v5,3,3,0,0,0,3,0,0,-1638400.000,-1638400.000,0.345,-0.015891
100000000,fineweb,4.80,no_role_depth,role_depth_v6,3,3,0,0,0,3,0,0,-1638400.000,-1638400.000,0.327,-0.012394
100000000,fineweb,5.00,full,no_role_depth,3,3,0,0,0,0,1,2,1092266.667,1638400.000,-0.165,0.015704
100000000,fineweb,5.00,full,role_depth_v2,3,3,0,0,0,0,3,0,0.000,0.000,-0.576,-0.000522
100000000,fineweb,5.00,full,role_depth_v3,3,3,0,0,0,0,2,1,546133.333,0.000,-0.028,0.013512
100000000,fineweb,5.00,full,role_depth_v4,3,3,0,0,0,0,3,0,0.000,0.000,-0.078,0.002817
100000000,fineweb,5.00,full,role_depth_v5,3,3,0,0,0,0,3,0,0.000,0.000,0.154,-0.000187
100000000,fineweb,5.00,full,role_depth_v6,3,3,0,0,0,0,3,0,0.000,0.000,0.140,0.003310
100000000,fineweb,5.00,no_role_depth,full,3,3,0,0,0,2,1,0,-1092266.667,-1638400.000,0.165,-0.015704
100000000,fineweb,5.00,no_role_depth,role_depth_v2,3,3,0,0,0,2,1,0,-1092266.667,-1638400.000,-0.410,-0.016226
100000000,fineweb,5.00,no_role_depth,role_depth_v3,3,3,0,0,0,1,2,0,-546133.333,0.000,0.138,-0.002192
100000000,fineweb,5.00,no_role_depth,role_depth_v4,3,3,0,0,0,2,1,0,-1092266.667,-1638400.000,0.087,-0.012888
100000000,fineweb,5.00,no_role_depth,role_depth_v5,3,3,0,0,0,2,1,0,-1092266.667,-1638400.000,0.319,-0.015891
100000000,fineweb,5.00,no_role_depth,role_depth_v6,3,3,0,0,0,2,1,0,-1092266.667,-1638400.000,0.306,-0.012394
100000000,fineweb_edu,4.10,full,no_role_depth,3,1,2,0,0,0,0,1,3276800.000,3276800.000,0.879,0.010961
100000000,fineweb_edu,4.10,full,role_depth_v2,3,3,0,0,0,1,2,0,-546133.333,0.000,-4.548,-0.002028
100000000,fineweb_edu,4.10,full,role_depth_v3,3,1,2,0,0,0,0,1,4915200.000,4915200.000,2.766,0.011467
100000000,fineweb_edu,4.10,full,role_depth_v4,3,3,0,0,0,0,3,0,0.000,0.000,-3.358,0.002405
100000000,fineweb_edu,4.10,full,role_depth_v5,3,3,0,0,0,2,1,0,-1092266.667,-1638400.000,-0.882,-0.002540
100000000,fineweb_edu,4.10,full,role_depth_v6,3,3,0,0,0,0,2,1,546133.333,0.000,-0.607,0.001042
100000000,fineweb_edu,4.10,no_role_depth,full,3,1,0,2,0,1,0,0,-3276800.000,-3276800.000,-0.879,-0.010961
100000000,fineweb_edu,4.10,no_role_depth,role_depth_v2,3,1,0,2,0,1,0,0,-3276800.000,-3276800.000,-2.368,-0.012988
100000000,fineweb_edu,4.10,no_role_depth,role_depth_v3,3,1,0,0,2,0,0,1,1638400.000,1638400.000,1.887,0.000506
100000000,fineweb_edu,4.10,no_role_depth,role_depth_v4,3,1,0,2,0,1,0,0,-3276800.000,-3276800.000,-2.372,-0.008556
100000000,fineweb_edu,4.10,no_role_depth,role_depth_v5,3,1,0,2,0,1,0,0,-3276800.000,-3276800.000,1.058,-0.013500
100000000,fineweb_edu,4.10,no_role_depth,role_depth_v6,3,1,0,2,0,1,0,0,-3276800.000,-3276800.000,2.866,-0.009918
100000000,fineweb_edu,4.20,full,no_role_depth,3,3,0,0,0,0,0,3,1638400.000,1638400.000,-2.356,0.010961
100000000,fineweb_edu,4.20,full,role_depth_v2,3,3,0,0,0,0,3,0,0.000,0.000,-3.307,-0.002028
100000000,fineweb_edu,4.20,full,role_depth_v3,3,3,0,0,0,0,0,3,1638400.000,1638400.000,-1.304,0.011467
100000000,fineweb_edu,4.20,full,role_depth_v4,3,3,0,0,0,0,3,0,0.000,0.000,-2.498,0.002405
100000000,fineweb_edu,4.20,full,role_depth_v5,3,3,0,0,0,0,3,0,0.000,0.000,-0.431,-0.002540
100000000,fineweb_edu,4.20,full,role_depth_v6,3,3,0,0,0,0,2,1,546133.333,0.000,-0.362,0.001042
100000000,fineweb_edu,4.20,no_role_depth,full,3,3,0,0,0,3,0,0,-1638400.000,-1638400.000,2.356,-0.010961
100000000,fineweb_edu,4.20,no_role_depth,role_depth_v2,3,3,0,0,0,3,0,0,-1638400.000,-1638400.000,-0.951,-0.012988
100000000,fineweb_edu,4.20,no_role_depth,role_depth_v3,3,3,0,0,0,0,3,0,0.000,0.000,1.052,0.000506
100000000,fineweb_edu,4.20,no_role_depth,role_depth_v4,3,3,0,0,0,3,0,0,-1638400.000,-1638400.000,-0.142,-0.008556
100000000,fineweb_edu,4.20,no_role_depth,role_depth_v5,3,3,0,0,0,3,0,0,-1638400.000,-1638400.000,1.924,-0.013500
100000000,fineweb_edu,4.20,no_role_depth,role_depth_v6,3,3,0,0,0,2,1,0,-1092266.667,-1638400.000,1.994,-0.009918
100000000,fineweb_edu,4.30,full,no_role_depth,3,3,0,0,0,0,1,2,1092266.667,1638400.000,-2.049,0.010961
100000000,fineweb_edu,4.30,full,role_depth_v2,3,3,0,0,0,1,2,0,-546133.333,0.000,-2.878,-0.002028
100000000,fineweb_edu,4.30,full,role_depth_v3,3,3,0,0,0,0,2,1,546133.333,0.000,-1.290,0.011467
100000000,fineweb_edu,4.30,full,role_depth_v4,3,3,0,0,0,0,3,0,0.000,0.000,-2.090,0.002405
100000000,fineweb_edu,4.30,full,role_depth_v5,3,3,0,0,0,2,1,0,-1092266.667,-1638400.000,-0.643,-0.002540
100000000,fineweb_edu,4.30,full,role_depth_v6,3,3,0,0,0,2,1,0,-1092266.667,-1638400.000,-0.689,0.001042
100000000,fineweb_edu,4.30,no_role_depth,full,3,3,0,0,0,2,1,0,-1092266.667,-1638400.000,2.049,-0.010961
100000000,fineweb_edu,4.30,no_role_depth,role_depth_v2,3,3,0,0,0,2,1,0,-1638400.000,-1638400.000,-0.829,-0.012988
100000000,fineweb_edu,4.30,no_role_depth,role_depth_v3,3,3,0,0,0,1,2,0,-546133.333,0.000,0.759,0.000506
100000000,fineweb_edu,4.30,no_role_depth,role_depth_v4,3,3,0,0,0,2,1,0,-1092266.667,-1638400.000,-0.041,-0.008556
100000000,fineweb_edu,4.30,no_role_depth,role_depth_v5,3,3,0,0,0,3,0,0,-2184533.333,-1638400.000,1.406,-0.013500
100000000,fineweb_edu,4.30,no_role_depth,role_depth_v6,3,3,0,0,0,3,0,0,-2184533.333,-1638400.000,1.360,-0.009918
100000000,fineweb_edu,4.40,full,no_role_depth,3,3,0,0,0,0,1,2,1092266.667,1638400.000,-1.653,0.010961
100000000,fineweb_edu,4.40,full,role_depth_v2,3,3,0,0,0,0,3,0,0.000,0.000,-2.297,-0.002028
100000000,fineweb_edu,4.40,full,role_depth_v3,3,3,0,0,0,0,1,2,1092266.667,1638400.000,-0.910,0.011467
100000000,fineweb_edu,4.40,full,role_depth_v4,3,3,0,0,0,0,3,0,0.000,0.000,-1.724,0.002405
100000000,fineweb_edu,4.40,full,role_depth_v5,3,3,0,0,0,0,3,0,0.000,0.000,-0.301,-0.002540
100000000,fineweb_edu,4.40,full,role_depth_v6,3,3,0,0,0,0,3,0,0.000,0.000,-0.329,0.001042
100000000,fineweb_edu,4.40,no_role_depth,full,3,3,0,0,0,2,1,0,-1092266.667,-1638400.000,1.653,-0.010961
100000000,fineweb_edu,4.40,no_role_depth,role_depth_v2,3,3,0,0,0,2,1,0,-1092266.667,-1638400.000,-0.644,-0.012988
100000000,fineweb_edu,4.40,no_role_depth,role_depth_v3,3,3,0,0,0,1,1,1,0.000,0.000,0.743,0.000506
100000000,fineweb_edu,4.40,no_role_depth,role_depth_v4,3,3,0,0,0,2,1,0,-1092266.667,-1638400.000,-0.072,-0.008556
100000000,fineweb_edu,4.40,no_role_depth,role_depth_v5,3,3,0,0,0,2,1,0,-1092266.667,-1638400.000,1.352,-0.013500
100000000,fineweb_edu,4.40,no_role_depth,role_depth_v6,3,3,0,0,0,2,1,0,-1092266.667,-1638400.000,1.324,-0.009918
100000000,fineweb_edu,4.60,full,no_role_depth,3,3,0,0,0,0,1,2,1092266.667,1638400.000,-1.224,0.010961
100000000,fineweb_edu,4.60,full,role_depth_v2,3,3,0,0,0,0,3,0,0.000,0.000,-1.770,-0.002028
100000000,fineweb_edu,4.60,full,role_depth_v3,3,3,0,0,0,0,1,2,1092266.667,1638400.000,-0.646,0.011467
100000000,fineweb_edu,4.60,full,role_depth_v4,3,3,0,0,0,0,3,0,0.000,0.000,-1.325,0.002405
100000000,fineweb_edu,4.60,full,role_depth_v5,3,3,0,0,0,0,3,0,0.000,0.000,-0.234,-0.002540
100000000,fineweb_edu,4.60,full,role_depth_v6,3,3,0,0,0,0,3,0,0.000,0.000,-0.256,0.001042
100000000,fineweb_edu,4.60,no_role_depth,full,3,3,0,0,0,2,1,0,-1092266.667,-1638400.000,1.224,-0.010961
100000000,fineweb_edu,4.60,no_role_depth,role_depth_v2,3,3,0,0,0,2,1,0,-1092266.667,-1638400.000,-0.546,-0.012988
100000000,fineweb_edu,4.60,no_role_depth,role_depth_v3,3,3,0,0,0,1,1,1,0.000,0.000,0.578,0.000506
100000000,fineweb_edu,4.60,no_role_depth,role_depth_v4,3,3,0,0,0,2,1,0,-1092266.667,-1638400.000,-0.102,-0.008556
100000000,fineweb_edu,4.60,no_role_depth,role_depth_v5,3,3,0,0,0,2,1,0,-1092266.667,-1638400.000,0.989,-0.013500
100000000,fineweb_edu,4.60,no_role_depth,role_depth_v6,3,3,0,0,0,2,1,0,-1092266.667,-1638400.000,0.968,-0.009918
100000000,fineweb_edu,4.80,full,no_role_depth,3,3,0,0,0,0,1,2,1092266.667,1638400.000,-0.905,0.010961
100000000,fineweb_edu,4.80,full,role_depth_v2,3,3,0,0,0,0,3,0,0.000,0.000,-1.393,-0.002028
100000000,fineweb_edu,4.80,full,role_depth_v3,3,3,0,0,0,0,1,2,1092266.667,1638400.000,-0.457,0.011467
100000000,fineweb_edu,4.80,full,role_depth_v4,3,3,0,0,0,0,3,0,0.000,0.000,-1.041,0.002405
100000000,fineweb_edu,4.80,full,role_depth_v5,3,3,0,0,0,0,3,0,0.000,0.000,-0.187,-0.002540
100000000,fineweb_edu,4.80,full,role_depth_v6,3,3,0,0,0,0,3,0,0.000,0.000,-0.203,0.001042
100000000,fineweb_edu,4.80,no_role_depth,full,3,3,0,0,0,2,1,0,-1092266.667,-1638400.000,0.905,-0.010961
100000000,fineweb_edu,4.80,no_role_depth,role_depth_v2,3,3,0,0,0,2,1,0,-1092266.667,-1638400.000,-0.488,-0.012988
100000000,fineweb_edu,4.80,no_role_depth,role_depth_v3,3,3,0,0,0,0,3,0,0.000,0.000,0.447,0.000506
100000000,fineweb_edu,4.80,no_role_depth,role_depth_v4,3,3,0,0,0,2,1,0,-1092266.667,-1638400.000,-0.135,-0.008556
100000000,fineweb_edu,4.80,no_role_depth,role_depth_v5,3,3,0,0,0,2,1,0,-1092266.667,-1638400.000,0.718,-0.013500
100000000,fineweb_edu,4.80,no_role_depth,role_depth_v6,3,3,0,0,0,2,1,0,-1092266.667,-1638400.000,0.702,-0.009918
300000000,c4_en,4.00,full,no_role_depth,3,3,0,0,0,3,0,0,-1638400.000,-1638400.000,3.265,0.003949
300000000,c4_en,4.00,full,role_depth_v2,3,3,0,0,0,1,2,0,-546133.333,0.000,6.058,-0.000708
300000000,c4_en,4.00,full,role_depth_v3,3,3,0,0,0,2,1,0,-1092266.667,-1638400.000,5.443,0.006247
300000000,c4_en,4.00,full,role_depth_v4,3,3,0,0,0,2,1,0,-1092266.667,-1638400.000,1.203,0.000309
300000000,c4_en,4.00,full,role_depth_v5,3,3,0,0,0,2,1,0,-1092266.667,-1638400.000,5.147,-0.001772
300000000,c4_en,4.00,full,role_depth_v6,3,3,0,0,0,3,0,0,-2730666.667,-3276800.000,3.723,0.001253
300000000,c4_en,4.00,no_role_depth,full,3,3,0,0,0,0,0,3,1638400.000,1638400.000,-3.265,-0.003949
300000000,c4_en,4.00,no_role_depth,role_depth_v2,3,3,0,0,0,0,1,2,1092266.667,1638400.000,2.793,-0.004657
300000000,c4_en,4.00,no_role_depth,role_depth_v3,3,3,0,0,0,0,2,1,546133.333,0.000,2.178,0.002298
300000000,c4_en,4.00,no_role_depth,role_depth_v4,3,3,0,0,0,0,2,1,546133.333,0.000,-2.062,-0.003640
300000000,c4_en,4.00,no_role_depth,role_depth_v5,3,3,0,0,0,0,2,1,546133.333,0.000,1.882,-0.005721
300000000,c4_en,4.00,no_role_depth,role_depth_v6,3,3,0,0,0,2,1,0,-1092266.667,-1638400.000,0.457,-0.002696
300000000,c4_en,4.05,full,no_role_depth,3,3,0,0,0,2,1,0,-2184533.333,-3276800.000,2.695,0.003949
300000000,c4_en,4.05,full,role_depth_v2,3,3,0,0,0,0,3,0,0.000,0.000,5.426,-0.000708
300000000,c4_en,4.05,full,role_depth_v3,3,3,0,0,0,1,2,0,-546133.333,0.000,4.859,0.006247
300000000,c4_en,4.05,full,role_depth_v4,3,3,0,0,0,2,1,0,-1092266.667,-1638400.000,1.038,0.000309
300000000,c4_en,4.05,full,role_depth_v5,3,3,0,0,0,1,2,0,-546133.333,0.000,4.592,-0.001772
300000000,c4_en,4.05,full,role_depth_v6,3,3,0,0,0,3,0,0,-3276800.000,-3276800.000,3.072,0.001253
300000000,c4_en,4.05,no_role_depth,full,3,3,0,0,0,0,1,2,2184533.333,3276800.000,-2.695,-0.003949
300000000,c4_en,4.05,no_role_depth,role_depth_v2,3,3,0,0,0,0,1,2,2184533.333,3276800.000,2.731,-0.004657
300000000,c4_en,4.05,no_role_depth,role_depth_v3,3,3,0,0,0,0,1,2,1638400.000,1638400.000,2.164,0.002298
300000000,c4_en,4.05,no_role_depth,role_depth_v4,3,3,0,0,0,0,1,2,1092266.667,1638400.000,-1.657,-0.003640
300000000,c4_en,4.05,no_role_depth,role_depth_v5,3,3,0,0,0,0,1,2,1638400.000,1638400.000,1.897,-0.005721
300000000,c4_en,4.05,no_role_depth,role_depth_v6,3,3,0,0,0,1,2,0,-1092266.667,0.000,0.377,-0.002696
300000000,c4_en,4.10,full,no_role_depth,3,3,0,0,0,3,0,0,-3276800.000,-3276800.000,2.077,0.003949
300000000,c4_en,4.10,full,role_depth_v2,3,3,0,0,0,0,3,0,0.000,0.000,4.788,-0.000708
300000000,c4_en,4.10,full,role_depth_v3,3,3,0,0,0,3,0,0,-1638400.000,-1638400.000,4.014,0.006247
300000000,c4_en,4.10,full,role_depth_v4,3,3,0,0,0,3,0,0,-1638400.000,-1638400.000,0.765,0.000309
300000000,c4_en,4.10,full,role_depth_v5,3,3,0,0,0,2,1,0,-1092266.667,-1638400.000,3.908,-0.001772
300000000,c4_en,4.10,full,role_depth_v6,3,3,0,0,0,3,0,0,-3822933.333,-3276800.000,2.500,0.001253
300000000,c4_en,4.10,no_role_depth,full,3,3,0,0,0,0,0,3,3276800.000,3276800.000,-2.077,-0.003949
300000000,c4_en,4.10,no_role_depth,role_depth_v2,3,3,0,0,0,0,0,3,3276800.000,3276800.000,2.712,-0.004657
300000000,c4_en,4.10,no_role_depth,role_depth_v3,3,3,0,0,0,0,0,3,1638400.000,1638400.000,1.938,0.002298
300000000,c4_en,4.10,no_role_depth,role_depth_v4,3,3,0,0,0,0,0,3,1638400.000,1638400.000,-1.311,-0.003640
300000000,c4_en,4.10,no_role_depth,role_depth_v5,3,3,0,0,0,0,0,3,2184533.333,1638400.000,1.832,-0.005721
300000000,c4_en,4.10,no_role_depth,role_depth_v6,3,3,0,0,0,1,2,0,-546133.333,0.000,0.424,-0.002696
300000000,c4_en,4.20,full,no_role_depth,3,3,0,0,0,3,0,0,-2730666.667,-3276800.000,1.591,0.003949
300000000,c4_en,4.20,full,role_depth_v2,3,3,0,0,0,0,2,1,546133.333,0.000,3.839,-0.000708
300000000,c4_en,4.20,full,role_depth_v3,3,3,0,0,0,3,0,0,-2730666.667,-3276800.000,2.808,0.006247
300000000,c4_en,4.20,full,role_depth_v4,3,3,0,0,0,3,0,0,-2184533.333,-1638400.000,0.411,0.000309
300000000,c4_en,4.20,full,role_depth_v5,3,3,0,0,0,2,1,0,-1092266.667,-1638400.000,3.002,-0.001772
300000000,c4_en,4.20,full,role_depth_v6,3,3,0,0,0,3,0,0,-3276800.000,-3276800.000,1.895,0.001253
300000000,c4_en,4.20,no_role_depth,full,3,3,0,0,0,0,0,3,2730666.667,3276800.000,-1.591,-0.003949
300000000,c4_en,4.20,no_role_depth,role_depth_v2,3,3,0,0,0,0,0,3,3276800.000,3276800.000,2.247,-0.004657
300000000,c4_en,4.20,no_role_depth,role_depth_v3,3,3,0,0,0,0,3,0,0.000,0.000,1.217,0.002298
300000000,c4_en,4.20,no_role_depth,role_depth_v4,3,3,0,0,0,0,2,1,546133.333,0.000,-1.181,-0.003640
300000000,c4_en,4.20,no_role_depth,role_depth_v5,3,3,0,0,0,0,0,3,1638400.000,1638400.000,1.410,-0.005721
300000000,c4_en,4.20,no_role_depth,role_depth_v6,3,3,0,0,0,1,2,0,-546133.333,0.000,0.304,-0.002696
300000000,c4_en,4.30,full,no_role_depth,3,3,0,0,0,2,1,0,-2184533.333,-1638400.000,1.223,0.003949
300000000,c4_en,4.30,full,role_depth_v2,3,3,0,0,0,1,2,0,-546133.333,0.000,2.758,-0.000708
300000000,c4_en,4.30,full,role_depth_v3,3,3,0,0,0,1,2,0,-1092266.667,0.000,2.428,0.006247
300000000,c4_en,4.30,full,role_depth_v4,3,3,0,0,0,1,2,0,-1092266.667,0.000,0.452,0.000309
300000000,c4_en,4.30,full,role_depth_v5,3,3,0,0,0,0,1,2,1092266.667,1638400.000,2.787,-0.001772
300000000,c4_en,4.30,full,role_depth_v6,3,3,0,0,0,2,1,0,-1638400.000,-1638400.000,1.678,0.001253
300000000,c4_en,4.30,no_role_depth,full,3,3,0,0,0,0,1,2,2184533.333,1638400.000,-1.223,-0.003949
300000000,c4_en,4.30,no_role_depth,role_depth_v2,3,3,0,0,0,0,1,2,1638400.000,1638400.000,1.535,-0.004657
300000000,c4_en,4.30,no_role_depth,role_depth_v3,3,3,0,0,0,0,1,2,1092266.667,1638400.000,1.205,0.002298
300000000,c4_en,4.30,no_role_depth,role_depth_v4,3,3,0,0,0,0,1,2,1092266.667,1638400.000,-0.771,-0.003640
300000000,c4_en,4.30,no_role_depth,role_depth_v5,3,3,0,0,0,0,0,3,3276800.000,3276800.000,1.564,-0.005721
300000000,c4_en,4.30,no_role_depth,role_depth_v6,3,3,0,0,0,1,0,2,546133.333,1638400.000,0.455,-0.002696
300000000,c4_en,4.40,full,no_role_depth,3,3,0,0,0,0,0,3,3276800.000,3276800.000,2.000,0.003949
300000000,c4_en,4.40,full,role_depth_v2,3,3,0,0,0,0,3,0,0.000,0.000,2.182,-0.000708
300000000,c4_en,4.40,full,role_depth_v3,3,3,0,0,0,0,0,3,3276800.000,3276800.000,2.760,0.006247
300000000,c4_en,4.40,full,role_depth_v4,3,3,0,0,0,0,0,3,3276800.000,3276800.000,1.195,0.000309
300000000,c4_en,4.40,full,role_depth_v5,3,3,0,0,0,0,0,3,1638400.000,1638400.000,2.269,-0.001772
300000000,c4_en,4.40,full,role_depth_v6,3,3,0,0,0,0,0,3,2730666.667,3276800.000,2.140,0.001253
300000000,c4_en,4.40,no_role_depth,full,3,3,0,0,0,3,0,0,-3276800.000,-3276800.000,-2.000,-0.003949
300000000,c4_en,4.40,no_role_depth,role_depth_v2,3,3,0,0,0,3,0,0,-3276800.000,-3276800.000,0.181,-0.004657
300000000,c4_en,4.40,no_role_depth,role_depth_v3,3,3,0,0,0,0,3,0,0.000,0.000,0.759,0.002298
300000000,c4_en,4.40,no_role_depth,role_depth_v4,3,3,0,0,0,0,3,0,0.000,0.000,-0.806,-0.003640
300000000,c4_en,4.40,no_role_depth,role_depth_v5,3,3,0,0,0,3,0,0,-1638400.000,-1638400.000,0.269,-0.005721
300000000,c4_en,4.40,no_role_depth,role_depth_v6,3,3,0,0,0,1,2,0,-546133.333,0.000,0.140,-0.002696
300000000,dclm,4.00,full,no_role_depth,3,3,0,0,0,1,0,2,1638400.000,3276800.000,-2.173,0.003230
300000000,dclm,4.00,full,role_depth_v2,3,3,0,0,0,0,3,0,0.000,0.000,2.490,-0.001284
300000000,dclm,4.00,full,role_depth_v3,3,3,0,0,0,0,1,2,3276800.000,4915200.000,-0.114,0.005807
300000000,dclm,4.00,full,role_depth_v4,3,3,0,0,0,1,2,0,-546133.333,0.000,-1.703,-0.000076
300000000,dclm,4.00,full,role_depth_v5,3,3,0,0,0,1,1,1,0.000,0.000,1.290,-0.000397
300000000,dclm,4.00,full,role_depth_v6,3,3,0,0,0,1,0,2,1092266.667,1638400.000,6.541,0.002571
300000000,dclm,4.00,no_role_depth,full,3,3,0,0,0,2,0,1,-1638400.000,-3276800.000,2.173,-0.003230
300000000,dclm,4.00,no_role_depth,role_depth_v2,3,3,0,0,0,2,0,1,-1638400.000,-3276800.000,4.662,-0.004514
300000000,dclm,4.00,no_role_depth,role_depth_v3,3,3,0,0,0,0,0,3,1638400.000,1638400.000,2.059,0.002576
300000000,dclm,4.00,no_role_depth,role_depth_v4,3,3,0,0,0,2,1,0,-2184533.333,-3276800.000,0.469,-0.003306
300000000,dclm,4.00,no_role_depth,role_depth_v5,3,3,0,0,0,2,1,0,-1638400.000,-1638400.000,3.463,-0.003628
300000000,dclm,4.00,no_role_depth,role_depth_v6,3,3,0,0,0,1,2,0,-546133.333,0.000,8.714,-0.000659
300000000,dclm,4.05,full,no_role_depth,3,3,0,0,0,1,1,1,0.000,0.000,-2.071,0.003230
300000000,dclm,4.05,full,role_depth_v2,3,3,0,0,0,0,3,0,0.000,0.000,2.153,-0.001284
300000000,dclm,4.05,full,role_depth_v3,3,3,0,0,0,0,1,2,1638400.000,1638400.000,-0.395,0.005807
300000000,dclm,4.05,full,role_depth_v4,3,3,0,0,0,1,2,0,-546133.333,0.000,-1.430,-0.000076
300000000,dclm,4.05,full,role_depth_v5,3,3,0,0,0,0,2,1,546133.333,0.000,1.244,-0.000397
300000000,dclm,4.05,full,role_depth_v6,3,3,0,0,0,2,1,0,-1092266.667,-1638400.000,5.044,0.002571
300000000,dclm,4.05,no_role_depth,full,3,3,0,0,0,1,1,1,0.000,0.000,2.071,-0.003230
300000000,dclm,4.05,no_role_depth,role_depth_v2,3,3,0,0,0,1,1,1,0.000,0.000,4.224,-0.004514
300000000,dclm,4.05,no_role_depth,role_depth_v3,3,3,0,0,0,0,1,2,1638400.000,1638400.000,1.676,0.002576
300000000,dclm,4.05,no_role_depth,role_depth_v4,3,3,0,0,0,1,2,0,-546133.333,0.000,0.641,-0.003306
300000000,dclm,4.05,no_role_depth,role_depth_v5,3,3,0,0,0,1,0,2,546133.333,1638400.000,3.315,-0.003628
300000000,dclm,4.05,no_role_depth,role_depth_v6,3,3,0,0,0,2,1,0,-1092266.667,-1638400.000,7.115,-0.000659
300000000,dclm,4.10,full,no_role_depth,3,3,0,0,0,2,1,0,-1638400.000,-1638400.000,-2.135,0.003230
300000000,dclm,4.10,full,role_depth_v2,3,3,0,0,0,1,2,0,-546133.333,0.000,1.738,-0.001284
300000000,dclm,4.10,full,role_depth_v3,3,3,0,0,0,1,1,1,-546133.333,0.000,-0.766,0.005807
300000000,dclm,4.10,full,role_depth_v4,3,3,0,0,0,2,1,0,-1638400.000,-1638400.000,-1.487,-0.000076
300000000,dclm,4.10,full,role_depth_v5,3,3,0,0,0,2,1,0,-1638400.000,-1638400.000,0.623,-0.000397
300000000,dclm,4.10,full,role_depth_v6,3,3,0,0,0,3,0,0,-3276800.000,-3276800.000,3.832,0.002571
300000000,dclm,4.10,no_role_depth,full,3,3,0,0,0,0,1,2,1638400.000,1638400.000,2.135,-0.003230
300000000,dclm,4.10,no_role_depth,role_depth_v2,3,3,0,0,0,0,2,1,1092266.667,0.000,3.873,-0.004514
300000000,dclm,4.10,no_role_depth,role_depth_v3,3,3,0,0,0,0,1,2,1092266.667,1638400.000,1.369,0.002576
300000000,dclm,4.10,no_role_depth,role_depth_v4,3,3,0,0,0,0,3,0,0.000,0.000,0.649,-0.003306
300000000,dclm,4.10,no_role_depth,role_depth_v5,3,3,0,0,0,1,1,1,0.000,0.000,2.758,-0.003628
300000000,dclm,4.10,no_role_depth,role_depth_v6,3,3,0,0,0,2,1,0,-1638400.000,-1638400.000,5.967,-0.000659
300000000,dclm,4.20,full,no_role_depth,3,3,0,0,0,3,0,0,-2184533.333,-1638400.000,-1.785,0.003230
300000000,dclm,4.20,full,role_depth_v2,3,3,0,0,0,0,2,1,546133.333,0.000,1.510,-0.001284
300000000,dclm,4.20,full,role_depth_v3,3,3,0,0,0,2,1,0,-1092266.667,-1638400.000,-0.742,0.005807
300000000,dclm,4.20,full,role_depth_v4,3,3,0,0,0,3,0,0,-2730666.667,-3276800.000,-1.392,-0.000076
300000000,dclm,4.20,full,role_depth_v5,3,3,0,0,0,0,3,0,0.000,0.000,0.753,-0.000397
300000000,dclm,4.20,full,role_depth_v6,3,3,0,0,0,3,0,0,-3276800.000,-3276800.000,2.685,0.002571
300000000,dclm,4.20,no_role_depth,full,3,3,0,0,0,0,0,3,2184533.333,1638400.000,1.785,-0.003230
300000000,dclm,4.20,no_role_depth,role_depth_v2,3,3,0,0,0,0,0,3,2730666.667,1638400.000,3.295,-0.004514
300000000,dclm,4.20,no_role_depth,role_depth_v3,3,3,0,0,0,0,1,2,1092266.667,1638400.000,1.043,0.002576
300000000,dclm,4.20,no_role_depth,role_depth_v4,3,3,0,0,0,2,0,1,-546133.333,-1638400.000,0.393,-0.003306
300000000,dclm,4.20,no_role_depth,role_depth_v5,3,3,0,0,0,0,0,3,2184533.333,1638400.000,2.538,-0.003628
300000000,dclm,4.20,no_role_depth,role_depth_v6,3,3,0,0,0,2,1,0,-1092266.667,-1638400.000,4.469,-0.000659
300000000,dclm,4.30,full,no_role_depth,3,3,0,0,0,2,1,0,-1638400.000,-1638400.000,-1.372,0.003230
300000000,dclm,4.30,full,role_depth_v2,3,3,0,0,0,0,3,0,0.000,0.000,1.072,-0.001284
300000000,dclm,4.30,full,role_depth_v3,3,3,0,0,0,3,0,0,-2184533.333,-1638400.000,-0.848,0.005807
300000000,dclm,4.30,full,role_depth_v4,3,3,0,0,0,2,1,0,-1638400.000,-1638400.000,-0.989,-0.000076
300000000,dclm,4.30,full,role_depth_v5,3,3,0,0,0,1,2,0,-546133.333,0.000,0.442,-0.000397
300000000,dclm,4.30,full,role_depth_v6,3,3,0,0,0,2,1,0,-2184533.333,-1638400.000,2.129,0.002571
300000000,dclm,4.30,no_role_depth,full,3,3,0,0,0,0,1,2,1638400.000,1638400.000,1.372,-0.003230
300000000,dclm,4.30,no_role_depth,role_depth_v2,3,3,0,0,0,0,1,2,1638400.000,1638400.000,2.444,-0.004514
300000000,dclm,4.30,no_role_depth,role_depth_v3,3,3,0,0,0,1,2,0,-546133.333,0.000,0.524,0.002576
300000000,dclm,4.30,no_role_depth,role_depth_v4,3,3,0,0,0,1,1,1,0.000,0.000,0.383,-0.003306
300000000,dclm,4.30,no_role_depth,role_depth_v5,3,3,0,0,0,0,1,2,1092266.667,1638400.000,1.814,-0.003628
300000000,dclm,4.30,no_role_depth,role_depth_v6,3,3,0,0,0,2,0,1,-546133.333,-1638400.000,3.502,-0.000659
300000000,dclm,4.40,full,no_role_depth,3,3,0,0,0,0,0,3,2184533.333,1638400.000,-0.304,0.003230
300000000,dclm,4.40,full,role_depth_v2,3,3,0,0,0,0,3,0,0.000,0.000,0.812,-0.001284
300000000,dclm,4.40,full,role_depth_v3,3,3,0,0,0,0,0,3,2730666.667,3276800.000,0.257,0.005807
300000000,dclm,4.40,full,role_depth_v4,3,3,0,0,0,0,0,3,3276800.000,3276800.000,0.200,-0.000076
300000000,dclm,4.40,full,role_depth_v5,3,3,0,0,0,0,0,3,2184533.333,1638400.000,0.891,-0.000397
300000000,dclm,4.40,full,role_depth_v6,3,3,0,0,0,0,0,3,2184533.333,1638400.000,2.490,0.002571
300000000,dclm,4.40,no_role_depth,full,3,3,0,0,0,3,0,0,-2184533.333,-1638400.000,0.304,-0.003230
300000000,dclm,4.40,no_role_depth,role_depth_v2,3,3,0,0,0,3,0,0,-2184533.333,-1638400.000,1.115,-0.004514
300000000,dclm,4.40,no_role_depth,role_depth_v3,3,3,0,0,0,0,2,1,546133.333,0.000,0.561,0.002576
300000000,dclm,4.40,no_role_depth,role_depth_v4,3,3,0,0,0,0,1,2,1092266.667,1638400.000,0.503,-0.003306
300000000,dclm,4.40,no_role_depth,role_depth_v5,3,3,0,0,0,1,1,1,0.000,0.000,1.195,-0.003628
300000000,dclm,4.40,no_role_depth,role_depth_v6,3,3,0,0,0,0,3,0,0.000,0.000,2.793,-0.000659
300000000,dolma_sample,3.82,full,no_role_depth,3,3,0,0,0,0,0,3,4915200.000,3276800.000,-8.617,0.003254
300000000,dolma_sample,3.82,full,role_depth_v2,3,3,0,0,0,2,0,1,-1092266.667,-1638400.000,-10.190,-0.002282
300000000,dolma_sample,3.82,full,role_depth_v3,3,3,0,0,0,0,0,3,8738133.333,6553600.000,-5.610,0.005411
300000000,dolma_sample,3.82,full,role_depth_v4,3,3,0,0,0,2,1,0,-1092266.667,-1638400.000,-5.516,-0.001552
300000000,dolma_sample,3.82,full,role_depth_v5,3,3,0,0,0,2,1,0,-1092266.667,-1638400.000,-2.719,-0.001337
300000000,dolma_sample,3.82,full,role_depth_v6,3,3,0,0,0,0,1,2,2184533.333,1638400.000,0.305,0.001351
300000000,dolma_sample,3.82,no_role_depth,full,3,3,0,0,0,3,0,0,-4915200.000,-3276800.000,8.617,-0.003254
300000000,dolma_sample,3.82,no_role_depth,role_depth_v2,3,3,0,0,0,3,0,0,-6007466.667,-4915200.000,-1.573,-0.005536
300000000,dolma_sample,3.82,no_role_depth,role_depth_v3,3,3,0,0,0,0,0,3,3822933.333,3276800.000,3.008,0.002157
300000000,dolma_sample,3.82,no_role_depth,role_depth_v4,3,3,0,0,0,3,0,0,-6007466.667,-4915200.000,3.101,-0.004806
300000000,dolma_sample,3.82,no_role_depth,role_depth_v5,3,3,0,0,0,3,0,0,-6007466.667,-4915200.000,5.899,-0.004591
300000000,dolma_sample,3.82,no_role_depth,role_depth_v6,3,3,0,0,0,3,0,0,-2730666.667,-3276800.000,8.923,-0.001903
300000000,dolma_sample,3.85,full,no_role_depth,3,3,0,0,0,0,2,1,1092266.667,0.000,-8.353,0.003254
300000000,dolma_sample,3.85,full,role_depth_v2,3,3,0,0,0,1,2,0,-1092266.667,0.000,-9.108,-0.002282
300000000,dolma_sample,3.85,full,role_depth_v3,3,3,0,0,0,0,0,3,3276800.000,1638400.000,-5.973,0.005411
300000000,dolma_sample,3.85,full,role_depth_v4,3,3,0,0,0,2,1,0,-1638400.000,-1638400.000,-5.139,-0.001552
300000000,dolma_sample,3.85,full,role_depth_v5,3,3,0,0,0,2,1,0,-2184533.333,-1638400.000,-2.758,-0.001337
300000000,dolma_sample,3.85,full,role_depth_v6,3,3,0,0,0,2,0,1,-1092266.667,-1638400.000,-0.493,0.001351
300000000,dolma_sample,3.85,no_role_depth,full,3,3,0,0,0,1,2,0,-1092266.667,0.000,8.353,-0.003254
300000000,dolma_sample,3.85,no_role_depth,role_depth_v2,3,3,0,0,0,2,1,0,-2184533.333,-3276800.000,-0.755,-0.005536
300000000,dolma_sample,3.85,no_role_depth,role_depth_v3,3,3,0,0,0,0,0,3,2184533.333,1638400.000,2.380,0.002157
300000000,dolma_sample,3.85,no_role_depth,role_depth_v4,3,3,0,0,0,3,0,0,-2730666.667,-3276800.000,3.214,-0.004806
300000000,dolma_sample,3.85,no_role_depth,role_depth_v5,3,3,0,0,0,3,0,0,-3276800.000,-3276800.000,5.595,-0.004591
300000000,dolma_sample,3.85,no_role_depth,role_depth_v6,3,3,0,0,0,3,0,0,-2184533.333,-1638400.000,7.860,-0.001903
300000000,dolma_sample,3.90,full,no_role_depth,3,3,0,0,0,0,3,0,0.000,0.000,-7.315,0.003254
300000000,dolma_sample,3.90,full,role_depth_v2,3,3,0,0,0,0,2,1,546133.333,0.000,-7.479,-0.002282
300000000,dolma_sample,3.90,full,role_depth_v3,3,3,0,0,0,0,2,1,546133.333,0.000,-5.566,0.005411
300000000,dolma_sample,3.90,full,role_depth_v4,3,3,0,0,0,2,1,0,-1638400.000,-1638400.000,-4.431,-0.001552
300000000,dolma_sample,3.90,full,role_depth_v5,3,3,0,0,0,2,1,0,-1092266.667,-1638400.000,-2.181,-0.001337
300000000,dolma_sample,3.90,full,role_depth_v6,3,3,0,0,0,3,0,0,-2730666.667,-3276800.000,-0.850,0.001351
300000000,dolma_sample,3.90,no_role_depth,full,3,3,0,0,0,0,3,0,0.000,0.000,7.315,-0.003254
300000000,dolma_sample,3.90,no_role_depth,role_depth_v2,3,3,0,0,0,0,2,1,546133.333,0.000,-0.164,-0.005536
300000000,dolma_sample,3.90,no_role_depth,role_depth_v3,3,3,0,0,0,0,2,1,546133.333,0.000,1.749,0.002157
300000000,dolma_sample,3.90,no_role_depth,role_depth_v4,3,3,0,0,0,2,1,0,-1638400.000,-1638400.000,2.884,-0.004806
300000000,dolma_sample,3.90,no_role_depth,role_depth_v5,3,3,0,0,0,2,1,0,-1092266.667,-1638400.000,5.133,-0.004591
300000000,dolma_sample,3.90,no_role_depth,role_depth_v6,3,3,0,0,0,3,0,0,-2730666.667,-3276800.000,6.465,-0.001903
300000000,dolma_sample,3.95,full,no_role_depth,3,3,0,0,0,3,0,0,-2184533.333,-1638400.000,-6.852,0.003254
300000000,dolma_sample,3.95,full,role_depth_v2,3,3,0,0,0,0,3,0,0.000,0.000,-6.658,-0.002282
300000000,dolma_sample,3.95,full,role_depth_v3,3,3,0,0,0,2,1,0,-1638400.000,-1638400.000,-5.319,0.005411
300000000,dolma_sample,3.95,full,role_depth_v4,3,3,0,0,0,3,0,0,-2730666.667,-3276800.000,-4.185,-0.001552
300000000,dolma_sample,3.95,full,role_depth_v5,3,3,0,0,0,2,1,0,-2184533.333,-3276800.000,-2.212,-0.001337
300000000,dolma_sample,3.95,full,role_depth_v6,3,3,0,0,0,3,0,0,-3276800.000,-3276800.000,-0.976,0.001351
300000000,dolma_sample,3.95,no_role_depth,full,3,3,0,0,0,0,0,3,2184533.333,1638400.000,6.852,-0.003254
300000000,dolma_sample,3.95,no_role_depth,role_depth_v2,3,3,0,0,0,0,0,3,2184533.333,1638400.000,0.194,-0.005536
300000000,dolma_sample,3.95,no_role_depth,role_depth_v3,3,3,0,0,0,0,2,1,546133.333,0.000,1.533,0.002157
300000000,dolma_sample,3.95,no_role_depth,role_depth_v4,3,3,0,0,0,1,2,0,-546133.333,0.000,2.667,-0.004806
300000000,dolma_sample,3.95,no_role_depth,role_depth_v5,3,3,0,0,0,1,1,1,0.000,0.000,4.639,-0.004591
300000000,dolma_sample,3.95,no_role_depth,role_depth_v6,3,3,0,0,0,2,1,0,-1092266.667,-1638400.000,5.876,-0.001903
300000000,dolma_sample,4.00,full,no_role_depth,3,3,0,0,0,2,1,0,-2730666.667,-3276800.000,-6.147,0.003254
300000000,dolma_sample,4.00,full,role_depth_v2,3,3,0,0,0,0,3,0,0.000,0.000,-5.800,-0.002282
300000000,dolma_sample,4.00,full,role_depth_v3,3,3,0,0,0,2,1,0,-1092266.667,-1638400.000,-4.569,0.005411
300000000,dolma_sample,4.00,full,role_depth_v4,3,3,0,0,0,3,0,0,-2184533.333,-1638400.000,-3.583,-0.001552
300000000,dolma_sample,4.00,full,role_depth_v5,3,3,0,0,0,3,0,0,-2184533.333,-1638400.000,-1.955,-0.001337
300000000,dolma_sample,4.00,full,role_depth_v6,3,3,0,0,0,3,0,0,-3276800.000,-3276800.000,-0.912,0.001351
300000000,dolma_sample,4.00,no_role_depth,full,3,3,0,0,0,0,1,2,2730666.667,3276800.000,6.147,-0.003254
300000000,dolma_sample,4.00,no_role_depth,role_depth_v2,3,3,0,0,0,0,1,2,2730666.667,3276800.000,0.347,-0.005536
300000000,dolma_sample,4.00,no_role_depth,role_depth_v3,3,3,0,0,0,0,1,2,1638400.000,1638400.000,1.578,0.002157
300000000,dolma_sample,4.00,no_role_depth,role_depth_v4,3,3,0,0,0,1,1,1,546133.333,0.000,2.564,-0.004806
300000000,dolma_sample,4.00,no_role_depth,role_depth_v5,3,3,0,0,0,1,1,1,546133.333,0.000,4.192,-0.004591
300000000,dolma_sample,4.00,no_role_depth,role_depth_v6,3,3,0,0,0,1,2,0,-546133.333,0.000,5.234,-0.001903
300000000,dolma_sample,4.10,full,no_role_depth,3,3,0,0,0,3,0,0,-3822933.333,-3276800.000,-5.096,0.003254
300000000,dolma_sample,4.10,full,role_depth_v2,3,3,0,0,0,0,1,2,1092266.667,1638400.000,-4.288,-0.002282
300000000,dolma_sample,4.10,full,role_depth_v3,3,3,0,0,0,3,0,0,-3276800.000,-3276800.000,-4.042,0.005411
300000000,dolma_sample,4.10,full,role_depth_v4,3,3,0,0,0,3,0,0,-3276800.000,-3276800.000,-3.126,-0.001552
300000000,dolma_sample,4.10,full,role_depth_v5,3,3,0,0,0,3,0,0,-2184533.333,-1638400.000,-1.643,-0.001337
300000000,dolma_sample,4.10,full,role_depth_v6,3,3,0,0,0,3,0,0,-3822933.333,-3276800.000,-1.041,0.001351
300000000,dolma_sample,4.10,no_role_depth,full,3,3,0,0,0,0,0,3,3822933.333,3276800.000,5.096,-0.003254
300000000,dolma_sample,4.10,no_role_depth,role_depth_v2,3,3,0,0,0,0,0,3,4915200.000,4915200.000,0.807,-0.005536
300000000,dolma_sample,4.10,no_role_depth,role_depth_v3,3,3,0,0,0,0,2,1,546133.333,0.000,1.054,0.002157
300000000,dolma_sample,4.10,no_role_depth,role_depth_v4,3,3,0,0,0,0,2,1,546133.333,0.000,1.969,-0.004806
300000000,dolma_sample,4.10,no_role_depth,role_depth_v5,3,3,0,0,0,0,1,2,1638400.000,1638400.000,3.453,-0.004591
300000000,dolma_sample,4.10,no_role_depth,role_depth_v6,3,3,0,0,0,0,3,0,0.000,0.000,4.054,-0.001903
300000000,dolma_sample,4.20,full,no_role_depth,3,3,0,0,0,2,1,0,-1638400.000,-1638400.000,-3.605,0.003254
300000000,dolma_sample,4.20,full,role_depth_v2,3,3,0,0,0,0,3,0,0.000,0.000,-3.400,-0.002282
300000000,dolma_sample,4.20,full,role_depth_v3,3,3,0,0,0,3,0,0,-2184533.333,-1638400.000,-2.993,0.005411
300000000,dolma_sample,4.20,full,role_depth_v4,3,3,0,0,0,2,1,0,-1092266.667,-1638400.000,-2.055,-0.001552
300000000,dolma_sample,4.20,full,role_depth_v5,3,3,0,0,0,0,3,0,0.000,0.000,-0.850,-0.001337
300000000,dolma_sample,4.20,full,role_depth_v6,3,3,0,0,0,2,1,0,-1638400.000,-1638400.000,-0.433,0.001351
300000000,dolma_sample,4.20,no_role_depth,full,3,3,0,0,0,0,1,2,1638400.000,1638400.000,3.605,-0.003254
300000000,dolma_sample,4.20,no_role_depth,role_depth_v2,3,3,0,0,0,0,1,2,1638400.000,1638400.000,0.205,-0.005536
300000000,dolma_sample,4.20,no_role_depth,role_depth_v3,3,3,0,0,0,1,2,0,-546133.333,0.000,0.613,0.002157
300000000,dolma_sample,4.20,no_role_depth,role_depth_v4,3,3,0,0,0,0,2,1,546133.333,0.000,1.550,-0.004806
300000000,dolma_sample,4.20,no_role_depth,role_depth_v5,3,3,0,0,0,0,1,2,1638400.000,1638400.000,2.755,-0.004591
300000000,dolma_sample,4.20,no_role_depth,role_depth_v6,3,3,0,0,0,0,3,0,0.000,0.000,3.173,-0.001903
300000000,fineweb,4.00,full,no_role_depth,3,3,0,0,0,0,2,1,1092266.667,0.000,-3.334,0.002138
300000000,fineweb,4.00,full,role_depth_v2,3,3,0,0,0,2,0,1,-1092266.667,-1638400.000,7.204,-0.002877
300000000,fineweb,4.00,full,role_depth_v3,3,3,0,0,0,0,0,3,4369066.667,4915200.000,3.728,0.005860
300000000,fineweb,4.00,full,role_depth_v4,3,3,0,0,0,2,1,0,-1638400.000,-1638400.000,3.819,-0.000692
300000000,fineweb,4.00,full,role_depth_v5,3,3,0,0,0,3,0,0,-3276800.000,-3276800.000,6.434,-0.003480
300000000,fineweb,4.00,full,role_depth_v6,3,3,0,0,0,2,1,0,-2184533.333,-1638400.000,8.556,0.000233
300000000,fineweb,4.00,no_role_depth,full,3,3,0,0,0,1,2,0,-1092266.667,0.000,3.334,-0.002138
300000000,fineweb,4.00,no_role_depth,role_depth_v2,3,3,0,0,0,2,0,1,-2184533.333,-1638400.000,10.537,-0.005015
300000000,fineweb,4.00,no_role_depth,role_depth_v3,3,3,0,0,0,0,1,2,3276800.000,4915200.000,7.062,0.003722
300000000,fineweb,4.00,no_role_depth,role_depth_v4,3,3,0,0,0,2,1,0,-2730666.667,-1638400.000,7.152,-0.002830
300000000,fineweb,4.00,no_role_depth,role_depth_v5,3,3,0,0,0,3,0,0,-4369066.667,-3276800.000,9.767,-0.005618
300000000,fineweb,4.00,no_role_depth,role_depth_v6,3,3,0,0,0,2,1,0,-3276800.000,-1638400.000,11.889,-0.001905
300000000,fineweb,4.05,full,no_role_depth,3,3,0,0,0,1,2,0,-546133.333,0.000,-3.119,0.002138
300000000,fineweb,4.05,full,role_depth_v2,3,3,0,0,0,2,0,1,-1092266.667,-1638400.000,6.119,-0.002877
300000000,fineweb,4.05,full,role_depth_v3,3,3,0,0,0,1,1,1,546133.333,0.000,2.534,0.005860
300000000,fineweb,4.05,full,role_depth_v4,3,3,0,0,0,2,1,0,-2730666.667,-3276800.000,3.000,-0.000692
300000000,fineweb,4.05,full,role_depth_v5,3,3,0,0,0,2,1,0,-2184533.333,-3276800.000,5.644,-0.003480
300000000,fineweb,4.05,full,role_depth_v6,3,3,0,0,0,2,1,0,-2730666.667,-3276800.000,7.103,0.000233
300000000,fineweb,4.05,no_role_depth,full,3,3,0,0,0,0,2,1,546133.333,0.000,3.119,-0.002138
300000000,fineweb,4.05,no_role_depth,role_depth_v2,3,3,0,0,0,1,1,1,-546133.333,0.000,9.238,-0.005015
300000000,fineweb,4.05,no_role_depth,role_depth_v3,3,3,0,0,0,1,0,2,1092266.667,1638400.000,5.653,0.003722
300000000,fineweb,4.05,no_role_depth,role_depth_v4,3,3,0,0,0,2,1,0,-2184533.333,-1638400.000,6.119,-0.002830
300000000,fineweb,4.05,no_role_depth,role_depth_v5,3,3,0,0,0,2,1,0,-1638400.000,-1638400.000,8.763,-0.005618
300000000,fineweb,4.05,no_role_depth,role_depth_v6,3,3,0,0,0,2,1,0,-2184533.333,-1638400.000,10.221,-0.001905
300000000,fineweb,4.10,full,no_role_depth,3,3,0,0,0,3,0,0,-2730666.667,-1638400.000,-3.151,0.002138
300000000,fineweb,4.10,full,role_depth_v2,3,3,0,0,0,2,0,1,-546133.333,-1638400.000,5.436,-0.002877
300000000,fineweb,4.10,full,role_depth_v3,3,3,0,0,0,1,2,0,-546133.333,0.000,1.971,0.005860
300000000,fineweb,4.10,full,role_depth_v4,3,3,0,0,0,3,0,0,-2184533.333,-1638400.000,2.652,-0.000692
300000000,fineweb,4.10,full,role_depth_v5,3,3,0,0,0,3,0,0,-2184533.333,-1638400.000,4.853,-0.003480
300000000,fineweb,4.10,full,role_depth_v6,3,3,0,0,0,3,0,0,-3276800.000,-3276800.000,5.977,0.000233
300000000,fineweb,4.10,no_role_depth,full,3,3,0,0,0,0,0,3,2730666.667,1638400.000,3.151,-0.002138
300000000,fineweb,4.10,no_role_depth,role_depth_v2,3,3,0,0,0,0,1,2,2184533.333,3276800.000,8.587,-0.005015
300000000,fineweb,4.10,no_role_depth,role_depth_v3,3,3,0,0,0,0,0,3,2184533.333,1638400.000,5.121,0.003722
300000000,fineweb,4.10,no_role_depth,role_depth_v4,3,3,0,0,0,0,2,1,546133.333,0.000,5.803,-0.002830
300000000,fineweb,4.10,no_role_depth,role_depth_v5,3,3,0,0,0,0,2,1,546133.333,0.000,8.004,-0.005618
300000000,fineweb,4.10,no_role_depth,role_depth_v6,3,3,0,0,0,1,2,0,-546133.333,0.000,9.127,-0.001905
300000000,fineweb,4.20,full,no_role_depth,3,3,0,0,0,2,1,0,-1638400.000,-1638400.000,-2.327,0.002138
300000000,fineweb,4.20,full,role_depth_v2,3,3,0,0,0,1,1,1,0.000,0.000,4.274,-0.002877
300000000,fineweb,4.20,full,role_depth_v3,3,3,0,0,0,2,1,0,-1638400.000,-1638400.000,1.278,0.005860
300000000,fineweb,4.20,full,role_depth_v4,3,3,0,0,0,2,1,0,-1638400.000,-1638400.000,2.051,-0.000692
300000000,fineweb,4.20,full,role_depth_v5,3,3,0,0,0,2,1,0,-1638400.000,-1638400.000,3.742,-0.003480
300000000,fineweb,4.20,full,role_depth_v6,3,3,0,0,0,3,0,0,-3822933.333,-4915200.000,4.275,0.000233
300000000,fineweb,4.20,no_role_depth,full,3,3,0,0,0,0,1,2,1638400.000,1638400.000,2.327,-0.002138
300000000,fineweb,4.20,no_role_depth,role_depth_v2,3,3,0,0,0,0,0,3,1638400.000,1638400.000,6.601,-0.005015
300000000,fineweb,4.20,no_role_depth,role_depth_v3,3,3,0,0,0,1,1,1,0.000,0.000,3.604,0.003722
300000000,fineweb,4.20,no_role_depth,role_depth_v4,3,3,0,0,0,0,3,0,0.000,0.000,4.378,-0.002830
300000000,fineweb,4.20,no_role_depth,role_depth_v5,3,3,0,0,0,0,3,0,0.000,0.000,6.069,-0.005618
300000000,fineweb,4.20,no_role_depth,role_depth_v6,3,3,0,0,0,3,0,0,-2184533.333,-1638400.000,6.601,-0.001905
300000000,fineweb,4.30,full,no_role_depth,3,3,0,0,0,3,0,0,-3276800.000,-3276800.000,-2.202,0.002138
300000000,fineweb,4.30,full,role_depth_v2,3,3,0,0,0,0,3,0,0.000,0.000,3.319,-0.002877
300000000,fineweb,4.30,full,role_depth_v3,3,3,0,0,0,3,0,0,-2730666.667,-3276800.000,0.663,0.005860
300000000,fineweb,4.30,full,role_depth_v4,3,3,0,0,0,3,0,0,-2184533.333,-1638400.000,1.387,-0.000692
300000000,fineweb,4.30,full,role_depth_v5,3,3,0,0,0,3,0,0,-1638400.000,-1638400.000,2.819,-0.003480
300000000,fineweb,4.30,full,role_depth_v6,3,3,0,0,0,3,0,0,-3276800.000,-3276800.000,3.244,0.000233
300000000,fineweb,4.30,no_role_depth,full,3,3,0,0,0,0,0,3,3276800.000,3276800.000,2.202,-0.002138
300000000,fineweb,4.30,no_role_depth,role_depth_v2,3,3,0,0,0,0,0,3,3276800.000,3276800.000,5.521,-0.005015
300000000,fineweb,4.30,no_role_depth,role_depth_v3,3,3,0,0,0,0,2,1,546133.333,0.000,2.865,0.003722
300000000,fineweb,4.30,no_role_depth,role_depth_v4,3,3,0,0,0,0,1,2,1092266.667,1638400.000,3.589,-0.002830
300000000,fineweb,4.30,no_role_depth,role_depth_v5,3,3,0,0,0,0,0,3,1638400.000,1638400.000,5.021,-0.005618
300000000,fineweb,4.30,no_role_depth,role_depth_v6,3,3,0,0,0,0,3,0,0.000,0.000,5.446,-0.001905
300000000,fineweb,4.40,full,no_role_depth,3,3,0,0,0,0,2,1,546133.333,0.000,-1.084,0.002138
300000000,fineweb,4.40,full,role_depth_v2,3,3,0,0,0,0,3,0,0.000,0.000,2.518,-0.002877
300000000,fineweb,4.40,full,role_depth_v3,3,3,0,0,0,0,1,2,1092266.667,1638400.000,1.190,0.005860
300000000,fineweb,4.40,full,role_depth_v4,3,3,0,0,0,0,0,3,2184533.333,1638400.000,1.911,-0.000692
300000000,fineweb,4.40,full,role_depth_v5,3,3,0,0,0,0,1,2,1638400.000,1638400.000,2.821,-0.003480
300000000,fineweb,4.40,full,role_depth_v6,3,3,0,0,0,0,1,2,1092266.667,1638400.000,3.325,0.000233
300000000,fineweb,4.40,no_role_depth,full,3,3,0,0,0,1,2,0,-546133.333,0.000,1.084,-0.002138
300000000,fineweb,4.40,no_role_depth,role_depth_v2,3,3,0,0,0,1,2,0,-546133.333,0.000,3.602,-0.005015
300000000,fineweb,4.40,no_role_depth,role_depth_v3,3,3,0,0,0,0,2,1,546133.333,0.000,2.274,0.003722
300000000,fineweb,4.40,no_role_depth,role_depth_v4,3,3,0,0,0,0,0,3,1638400.000,1638400.000,2.995,-0.002830
300000000,fineweb,4.40,no_role_depth,role_depth_v5,3,3,0,0,0,0,1,2,1092266.667,1638400.000,3.905,-0.005618
300000000,fineweb,4.40,no_role_depth,role_depth_v6,3,3,0,0,0,0,2,1,546133.333,0.000,4.409,-0.001905
300000000,fineweb_edu,3.75,full,no_role_depth,3,3,0,0,0,1,1,1,0.000,0.000,4.902,0.002564
300000000,fineweb_edu,3.75,full,role_depth_v2,3,3,0,0,0,1,2,0,-546133.333,0.000,-0.933,-0.001003
300000000,fineweb_edu,3.75,full,role_depth_v3,3,3,0,0,0,0,0,3,3276800.000,1638400.000,3.414,0.006318
300000000,fineweb_edu,3.75,full,role_depth_v4,3,3,0,0,0,1,1,1,0.000,0.000,5.238,-0.000127
300000000,fineweb_edu,3.75,full,role_depth_v5,3,3,0,0,0,2,1,0,-1092266.667,-1638400.000,1.161,-0.001541
300000000,fineweb_edu,3.75,full,role_depth_v6,3,3,0,0,0,1,1,1,-546133.333,0.000,3.022,0.001362
300000000,fineweb_edu,3.75,no_role_depth,full,3,3,0,0,0,1,1,1,0.000,0.000,-4.902,-0.002564
300000000,fineweb_edu,3.75,no_role_depth,role_depth_v2,3,3,0,0,0,1,2,0,-546133.333,0.000,-5.835,-0.003567
300000000,fineweb_edu,3.75,no_role_depth,role_depth_v3,3,3,0,0,0,0,0,3,3276800.000,3276800.000,-1.488,0.003754
300000000,fineweb_edu,3.75,no_role_depth,role_depth_v4,3,3,0,0,0,1,1,1,0.000,0.000,0.336,-0.002691
300000000,fineweb_edu,3.75,no_role_depth,role_depth_v5,3,3,0,0,0,1,2,0,-1092266.667,0.000,-3.740,-0.004106
300000000,fineweb_edu,3.75,no_role_depth,role_depth_v6,3,3,0,0,0,1,1,1,-546133.333,0.000,-1.880,-0.001202
300000000,fineweb_edu,3.80,full,no_role_depth,3,3,0,0,0,2,1,0,-1092266.667,-1638400.000,4.066,0.002564
300000000,fineweb_edu,3.80,full,role_depth_v2,3,3,0,0,0,0,2,1,546133.333,0.000,-0.620,-0.001003
300000000,fineweb_edu,3.80,full,role_depth_v3,3,3,0,0,0,0,1,2,1092266.667,1638400.000,2.517,0.006318
300000000,fineweb_edu,3.80,full,role_depth_v4,3,3,0,0,0,2,1,0,-1092266.667,-1638400.000,4.218,-0.000127
300000000,fineweb_edu,3.80,full,role_depth_v5,3,3,0,0,0,2,1,0,-1092266.667,-1638400.000,0.961,-0.001541
300000000,fineweb_edu,3.80,full,role_depth_v6,3,3,0,0,0,3,0,0,-1638400.000,-1638400.000,2.284,0.001362
300000000,fineweb_edu,3.80,no_role_depth,full,3,3,0,0,0,0,1,2,1092266.667,1638400.000,-4.066,-0.002564
300000000,fineweb_edu,3.80,no_role_depth,role_depth_v2,3,3,0,0,0,0,0,3,1638400.000,1638400.000,-4.686,-0.003567
300000000,fineweb_edu,3.80,no_role_depth,role_depth_v3,3,3,0,0,0,0,0,3,2184533.333,1638400.000,-1.549,0.003754
300000000,fineweb_edu,3.80,no_role_depth,role_depth_v4,3,3,0,0,0,1,1,1,0.000,0.000,0.152,-0.002691
300000000,fineweb_edu,3.80,no_role_depth,role_depth_v5,3,3,0,0,0,0,3,0,0.000,0.000,-3.105,-0.004106
300000000,fineweb_edu,3.80,no_role_depth,role_depth_v6,3,3,0,0,0,1,2,0,-546133.333,0.000,-1.782,-0.001202
300000000,fineweb_edu,3.85,full,no_role_depth,3,3,0,0,0,1,2,0,-546133.333,0.000,3.632,0.002564
300000000,fineweb_edu,3.85,full,role_depth_v2,3,3,0,0,0,0,2,1,546133.333,0.000,-0.534,-0.001003
300000000,fineweb_edu,3.85,full,role_depth_v3,3,3,0,0,0,0,3,0,0.000,0.000,1.971,0.006318
300000000,fineweb_edu,3.85,full,role_depth_v4,3,3,0,0,0,0,3,0,0.000,0.000,3.903,-0.000127
300000000,fineweb_edu,3.85,full,role_depth_v5,3,3,0,0,0,1,2,0,-546133.333,0.000,0.918,-0.001541
300000000,fineweb_edu,3.85,full,role_depth_v6,3,3,0,0,0,2,1,0,-1638400.000,-1638400.000,1.949,0.001362
300000000,fineweb_edu,3.85,no_role_depth,full,3,3,0,0,0,0,2,1,546133.333,0.000,-3.632,-0.002564
300000000,fineweb_edu,3.85,no_role_depth,role_depth_v2,3,3,0,0,0,0,1,2,1092266.667,1638400.000,-4.166,-0.003567
300000000,fineweb_edu,3.85,no_role_depth,role_depth_v3,3,3,0,0,0,0,2,1,546133.333,0.000,-1.662,0.003754
300000000,fineweb_edu,3.85,no_role_depth,role_depth_v4,3,3,0,0,0,0,2,1,546133.333,0.000,0.271,-0.002691
300000000,fineweb_edu,3.85,no_role_depth,role_depth_v5,3,3,0,0,0,0,3,0,0.000,0.000,-2.714,-0.004106
300000000,fineweb_edu,3.85,no_role_depth,role_depth_v6,3,3,0,0,0,2,1,0,-1092266.667,-1638400.000,-1.684,-0.001202
300000000,fineweb_edu,3.90,full,no_role_depth,3,3,0,0,0,3,0,0,-2184533.333,-1638400.000,2.821,0.002564
300000000,fineweb_edu,3.90,full,role_depth_v2,3,3,0,0,0,0,2,1,546133.333,0.000,-0.463,-0.001003
300000000,fineweb_edu,3.90,full,role_depth_v3,3,3,0,0,0,2,1,0,-1092266.667,-1638400.000,1.508,0.006318
300000000,fineweb_edu,3.90,full,role_depth_v4,3,3,0,0,0,3,0,0,-1638400.000,-1638400.000,3.076,-0.000127
300000000,fineweb_edu,3.90,full,role_depth_v5,3,3,0,0,0,2,1,0,-1092266.667,-1638400.000,0.682,-0.001541
300000000,fineweb_edu,3.90,full,role_depth_v6,3,3,0,0,0,3,0,0,-3822933.333,-3276800.000,1.186,0.001362
300000000,fineweb_edu,3.90,no_role_depth,full,3,3,0,0,0,0,0,3,2184533.333,1638400.000,-2.821,-0.002564
300000000,fineweb_edu,3.90,no_role_depth,role_depth_v2,3,3,0,0,0,0,0,3,2730666.667,3276800.000,-3.284,-0.003567
300000000,fineweb_edu,3.90,no_role_depth,role_depth_v3,3,3,0,0,0,0,1,2,1092266.667,1638400.000,-1.313,0.003754
300000000,fineweb_edu,3.90,no_role_depth,role_depth_v4,3,3,0,0,0,0,2,1,546133.333,0.000,0.255,-0.002691
300000000,fineweb_edu,3.90,no_role_depth,role_depth_v5,3,3,0,0,0,0,1,2,1092266.667,1638400.000,-2.140,-0.004106
300000000,fineweb_edu,3.90,no_role_depth,role_depth_v6,3,3,0,0,0,2,1,0,-1638400.000,-1638400.000,-1.635,-0.001202
300000000,fineweb_edu,4.00,full,no_role_depth,3,3,0,0,0,3,0,0,-2730666.667,-3276800.000,1.946,0.002564
300000000,fineweb_edu,4.00,full,role_depth_v2,3,3,0,0,0,0,2,1,546133.333,0.000,-0.334,-0.001003
300000000,fineweb_edu,4.00,full,role_depth_v3,3,3,0,0,0,3,0,0,-1638400.000,-1638400.000,1.000,0.006318
300000000,fineweb_edu,4.00,full,role_depth_v4,3,3,0,0,0,3,0,0,-1638400.000,-1638400.000,2.311,-0.000127
300000000,fineweb_edu,4.00,full,role_depth_v5,3,3,0,0,0,0,3,0,0.000,0.000,0.713,-0.001541
300000000,fineweb_edu,4.00,full,role_depth_v6,3,3,0,0,0,3,0,0,-2730666.667,-3276800.000,0.970,0.001362
300000000,fineweb_edu,4.00,no_role_depth,full,3,3,0,0,0,0,0,3,2730666.667,3276800.000,-1.946,-0.002564
300000000,fineweb_edu,4.00,no_role_depth,role_depth_v2,3,3,0,0,0,0,0,3,3276800.000,3276800.000,-2.280,-0.003567
300000000,fineweb_edu,4.00,no_role_depth,role_depth_v3,3,3,0,0,0,0,1,2,1092266.667,1638400.000,-0.946,0.003754
300000000,fineweb_edu,4.00,no_role_depth,role_depth_v4,3,3,0,0,0,0,1,2,1092266.667,1638400.000,0.365,-0.002691
300000000,fineweb_edu,4.00,no_role_depth,role_depth_v5,3,3,0,0,0,0,0,3,2730666.667,3276800.000,-1.233,-0.004106
300000000,fineweb_edu,4.00,no_role_depth,role_depth_v6,3,3,0,0,0,1,1,1,0.000,0.000,-0.975,-0.001202
300000000,fineweb_edu,4.10,full,no_role_depth,3,3,0,0,0,3,0,0,-2184533.333,-1638400.000,1.559,0.002564
300000000,fineweb_edu,4.10,full,role_depth_v2,3,3,0,0,0,0,2,1,546133.333,0.000,-0.236,-0.001003
300000000,fineweb_edu,4.10,full,role_depth_v3,3,3,0,0,0,3,0,0,-2184533.333,-1638400.000,0.586,0.006318
300000000,fineweb_edu,4.10,full,role_depth_v4,3,3,0,0,0,2,1,0,-1092266.667,-1638400.000,1.869,-0.000127
300000000,fineweb_edu,4.10,full,role_depth_v5,3,3,0,0,0,1,1,1,0.000,0.000,0.565,-0.001541
300000000,fineweb_edu,4.10,full,role_depth_v6,3,3,0,0,0,3,0,0,-2184533.333,-1638400.000,0.756,0.001362
300000000,fineweb_edu,4.10,no_role_depth,full,3,3,0,0,0,0,0,3,2184533.333,1638400.000,-1.559,-0.002564
300000000,fineweb_edu,4.10,no_role_depth,role_depth_v2,3,3,0,0,0,0,0,3,2730666.667,3276800.000,-1.795,-0.003567
300000000,fineweb_edu,4.10,no_role_depth,role_depth_v3,3,3,0,0,0,0,3,0,0.000,0.000,-0.973,0.003754
300000000,fineweb_edu,4.10,no_role_depth,role_depth_v4,3,3,0,0,0,0,1,2,1092266.667,1638400.000,0.310,-0.002691
300000000,fineweb_edu,4.10,no_role_depth,role_depth_v5,3,3,0,0,0,0,0,3,2184533.333,1638400.000,-0.995,-0.004106
300000000,fineweb_edu,4.10,no_role_depth,role_depth_v6,3,3,0,0,0,0,3,0,0.000,0.000,-0.803,-0.001202
300000000,fineweb_edu,4.20,full,no_role_depth,3,3,0,0,0,0,1,2,2184533.333,3276800.000,2.066,0.002564
300000000,fineweb_edu,4.20,full,role_depth_v2,3,3,0,0,0,0,2,1,546133.333,0.000,-0.149,-0.001003
300000000,fineweb_edu,4.20,full,role_depth_v3,3,3,0,0,0,0,1,2,2184533.333,3276800.000,1.282,0.006318
300000000,fineweb_edu,4.20,full,role_depth_v4,3,3,0,0,0,0,0,3,2730666.667,3276800.000,2.226,-0.000127
300000000,fineweb_edu,4.20,full,role_depth_v5,3,3,0,0,0,0,0,3,2184533.333,1638400.000,0.899,-0.001541
300000000,fineweb_edu,4.20,full,role_depth_v6,3,3,0,0,0,0,0,3,2730666.667,3276800.000,1.542,0.001362
300000000,fineweb_edu,4.20,no_role_depth,full,3,3,0,0,0,2,1,0,-2184533.333,-3276800.000,-2.066,-0.002564
300000000,fineweb_edu,4.20,no_role_depth,role_depth_v2,3,3,0,0,0,2,1,0,-1638400.000,-1638400.000,-2.215,-0.003567
300000000,fineweb_edu,4.20,no_role_depth,role_depth_v3,3,3,0,0,0,0,3,0,0.000,0.000,-0.784,0.003754
300000000,fineweb_edu,4.20,no_role_depth,role_depth_v4,3,3,0,0,0,0,2,1,546133.333,0.000,0.160,-0.002691
300000000,fineweb_edu,4.20,no_role_depth,role_depth_v5,3,3,0,0,0,1,1,1,0.000,0.000,-1.168,-0.004106
300000000,fineweb_edu,4.20,no_role_depth,role_depth_v6,3,3,0,0,0,0,2,1,546133.333,0.000,-0.524,-0.001202
