task,method,label,activation,optimizer,optimizer_lr,optimizer_min_lr,optimizer_weight_decay,optimizer_beta1,optimizer_beta2,factored_min_dim,factored_clip_threshold,ademamix_alpha,ademamix_beta3,schedule_free_beta1,schedule_free_warmup_steps,came_beta3,came_confidence_scale,soap_precondition_frequency,soap_large_side_identity_threshold,soap_one_sided,muon_momentum,muon_ns_steps,rational_matrix_policy_adam_lr_scale,rational_matrix_policy_group_gain_strength,rational_matrix_policy_group_pressure_strength,rational_matrix_policy_group_activity_damping,n,complete_n,running_n,stopped_n,diverged_n,curve_density_ok_n,eval_points_min,mean_final_val_loss,std_final_val_loss,mean_best_val_loss,mean_val_loss_auc_250,mean_val_loss_auc_500,mean_val_loss_auc_1000,mean_val_loss_auc_full,mean_seconds_per_step,sources
dclm,RLB+AdamW,RLB+AdamW lr=0.0005 wd=0.2,rlb_fused_fixed_strong_ffn,adamw,0.0005,3e-05,0.2,0.9,0.95,,,,,,,,,,,,,,,,,,1,1,0,0,0,1,32,4.451584815979004,0.0,4.451584815979004,6.902433962228308,6.1351792788457775,5.489002187688787,5.152803141301073,1.5445810172680994,experiments/runs/iclr26_phase1_protocol_lock/dclm/dclm_adamw_lr0.0005_wd0.20_phase1_protocol_lock/rlb_fused_fixed_strong_ffn.jsonl
dclm,RLB+AdamW,RLB+AdamW lr=0.0005 wd=0.1,rlb_fused_fixed_strong_ffn,adamw,0.0005,3e-05,0.1,0.9,0.95,,,,,,,,,,,,,,,,,,1,1,0,0,0,1,32,4.456295013427734,0.0,4.456295013427734,6.899905572454613,6.133755502337683,5.488560420256835,5.153663528247143,3.2116710880601254,experiments/runs/iclr26_phase1_protocol_lock/dclm/dclm_adamw_lr0.0005_wd0.10_phase1_protocol_lock/rlb_fused_fixed_strong_ffn.jsonl
dclm,RLB+AdamW,RLB+AdamW lr=0.0005 wd=0.03,rlb_fused_fixed_strong_ffn,adamw,0.0005,3e-05,0.03,0.9,0.95,,,,,,,,,,,,,,,,,,1,1,0,0,0,1,32,4.461226940155029,0.0,4.461226940155029,6.898628856283594,6.133693279866465,5.4891199571592315,5.155411316497433,3.3006040504747562,experiments/runs/iclr26_phase1_protocol_lock/dclm/dclm_adamw_lr0.0005_wd0.03_phase1_protocol_lock/rlb_fused_fixed_strong_ffn.jsonl
dclm,SiLU+AdamW,SiLU+AdamW lr=0.0005 wd=0.1,silu,adamw,0.0005,3e-05,0.1,0.9,0.95,,,,,,,,,,,,,,,,,,1,1,0,0,0,1,32,4.472005367279053,0.0,4.472005367279053,6.951417809988121,6.169214478953329,5.520350313043451,5.1812590298064425,3.2965169781461126,experiments/runs/iclr26_phase1_protocol_lock/dclm/dclm_adamw_lr0.0005_wd0.10_phase1_protocol_lock/silu.jsonl
dclm,SiLU+AdamW,SiLU+AdamW lr=0.0005 wd=0.2,silu,adamw,0.0005,3e-05,0.2,0.9,0.95,,,,,,,,,,,,,,,,,,1,1,0,0,0,1,32,4.469074726104736,0.0,4.469074726104736,6.956734464829227,6.172786011724529,5.5223982467785016,5.18211970554562,1.3975052306434297,experiments/runs/iclr26_phase1_protocol_lock/dclm/dclm_adamw_lr0.0005_wd0.20_phase1_protocol_lock/silu.jsonl
dclm,SiLU+AdamW,SiLU+AdamW lr=0.0005 wd=0.03,silu,adamw,0.0005,3e-05,0.03,0.9,0.95,,,,,,,,,,,,,,,,,,1,1,0,0,0,1,32,4.476555824279785,0.0,4.476555824279785,6.955346063437711,6.171180594182444,5.522486175025429,5.184424391725245,3.207879754826392,experiments/runs/iclr26_phase1_protocol_lock/dclm/dclm_adamw_lr0.0005_wd0.03_phase1_protocol_lock/silu.jsonl
dclm,RLB+AdamW,RLB+AdamW lr=0.0003 wd=0.2,rlb_fused_fixed_strong_ffn,adamw,0.0003,3e-05,0.2,0.9,0.95,,,,,,,,,,,,,,,,,,1,1,0,0,0,1,32,4.639377117156982,0.0,4.639377117156982,7.076055795792116,6.27903173968405,5.632688250508275,5.31147307423469,2.8829040438995817,experiments/runs/iclr26_phase1_protocol_lock/dclm/dclm_adamw_lr0.0003_wd0.20_phase1_protocol_lock/rlb_fused_fixed_strong_ffn.jsonl
dclm,RLB+AdamW,RLB+AdamW lr=0.0003 wd=0.03,rlb_fused_fixed_strong_ffn,adamw,0.0003,3e-05,0.03,0.9,0.95,,,,,,,,,,,,,,,,,,1,1,0,0,0,1,32,4.644189357757568,0.0,4.644189357757568,7.075156073972403,6.279327778634662,5.633202186217895,5.3129651141291845,0.8891800791592495,experiments/runs/iclr26_phase1_protocol_lock/dclm/dclm_adamw_lr0.0003_wd0.03_phase1_protocol_lock/rlb_fused_fixed_strong_ffn.jsonl
dclm,RLB+AdamW,RLB+AdamW lr=0.0003 wd=0.1,rlb_fused_fixed_strong_ffn,adamw,0.0003,3e-05,0.1,0.9,0.95,,,,,,,,,,,,,,,,,,1,1,0,0,0,1,32,4.644200325012207,0.0,4.644200325012207,7.077213937498958,6.280586449560039,5.634475481044781,5.314085481204386,3.295569375077378,experiments/runs/iclr26_phase1_protocol_lock/dclm/dclm_adamw_lr0.0003_wd0.10_phase1_protocol_lock/rlb_fused_fixed_strong_ffn.jsonl
dclm,SiLU+AdamW,SiLU+AdamW lr=0.0003 wd=0.1,silu,adamw,0.0003,3e-05,0.1,0.9,0.95,,,,,,,,,,,,,,,,,,1,1,0,0,0,1,32,4.6401190757751465,0.0,4.6401190757751465,7.143060163321744,6.314027351463486,5.654088366855015,5.32665100357351,2.9928993503124444,experiments/runs/iclr26_phase1_protocol_lock/dclm/dclm_adamw_lr0.0003_wd0.10_phase1_protocol_lock/silu.jsonl
dclm,SiLU+AdamW,SiLU+AdamW lr=0.0003 wd=0.03,silu,adamw,0.0003,3e-05,0.03,0.9,0.95,,,,,,,,,,,,,,,,,,1,1,0,0,0,1,32,4.641523361206055,0.0,4.641523361206055,7.1424704392751055,6.313283381815664,5.653812444007194,5.32696218800357,0.7324310525193428,experiments/runs/iclr26_phase1_protocol_lock/dclm/dclm_adamw_lr0.0003_wd0.03_phase1_protocol_lock/silu.jsonl
dclm,SiLU+AdamW,SiLU+AdamW lr=0.0003 wd=0.2,silu,adamw,0.0003,3e-05,0.2,0.9,0.95,,,,,,,,,,,,,,,,,,1,1,0,0,0,1,32,4.639202117919922,0.0,4.639202117919922,7.144335055447008,6.314882014700788,5.65505889610008,5.3271943365182155,3.092740331953476,experiments/runs/iclr26_phase1_protocol_lock/dclm/dclm_adamw_lr0.0003_wd0.20_phase1_protocol_lock/silu.jsonl
dclm,RLB+MatrixPolicy,RLB+MatrixPolicy lr=0.0002 wd=0.1 as=3 gg=0.2,rlb_fused_fixed_strong_ffn,rational_matrix_policy_onpolicy,0.0002,3e-05,0.1,0.9,0.95,,,,,,,,,,,,0.95,5,3.0,0.2,0.1,0.2,1,1,0,0,0,1,32,4.640575885772705,0.0,4.640575885772705,7.158604468686514,6.337530161909207,5.683218114488237,5.350475025145713,4.4830029774599485,experiments/runs/iclr26_phase1_protocol_lock/dclm/dclm_matrix_policy_as3.0_gg0.20_lr0.0002_wd0.10_phase1_protocol_lock/rlb_fused_fixed_strong_ffn.jsonl
dclm,RLB+MatrixPolicy,RLB+MatrixPolicy lr=0.0002 wd=0.1 as=3 gg=0.35,rlb_fused_fixed_strong_ffn,rational_matrix_policy_onpolicy,0.0002,3e-05,0.1,0.9,0.95,,,,,,,,,,,,0.95,5,3.0,0.35,0.1,0.2,1,1,0,0,0,1,32,4.640564918518066,0.0,4.640564918518066,7.158634386866925,6.337854581271001,5.683491638592175,5.350665395654093,3.4232790594682325,experiments/runs/iclr26_phase1_protocol_lock/dclm/dclm_matrix_policy_as3.0_gg0.35_lr0.0002_wd0.10_phase1_protocol_lock/rlb_fused_fixed_strong_ffn.jsonl
dclm,RLB+MatrixPolicy,RLB+MatrixPolicy lr=0.0002 wd=0.03 as=3 gg=0.2,rlb_fused_fixed_strong_ffn,rational_matrix_policy_onpolicy,0.0002,3e-05,0.03,0.9,0.95,,,,,,,,,,,,0.95,5,3.0,0.2,0.1,0.2,1,1,0,0,0,1,32,4.642742156982422,0.0,4.642742156982422,7.158995595801787,6.337743322452706,5.683308132656582,5.350808011108809,3.0493671453228957,experiments/runs/iclr26_phase1_protocol_lock/dclm/dclm_matrix_policy_as3.0_gg0.20_lr0.0002_wd0.03_phase1_protocol_lock/rlb_fused_fixed_strong_ffn.jsonl
dclm,RLB+MatrixPolicy,RLB+MatrixPolicy lr=0.0002 wd=0.03 as=3 gg=0.35,rlb_fused_fixed_strong_ffn,rational_matrix_policy_onpolicy,0.0002,3e-05,0.03,0.9,0.95,,,,,,,,,,,,0.95,5,3.0,0.35,0.1,0.2,1,1,0,0,0,1,32,4.641755104064941,0.0,4.641755104064941,7.158511343730023,6.337590789986039,5.68332963710552,5.350867765312746,3.0959913626977236,experiments/runs/iclr26_phase1_protocol_lock/dclm/dclm_matrix_policy_as3.0_gg0.35_lr0.0002_wd0.03_phase1_protocol_lock/rlb_fused_fixed_strong_ffn.jsonl
dclm,RLB+MatrixPolicy,RLB+MatrixPolicy lr=0.0002 wd=0.03 as=4 gg=0.35,rlb_fused_fixed_strong_ffn,rational_matrix_policy_onpolicy,0.0002,3e-05,0.03,0.9,0.95,,,,,,,,,,,,0.95,5,4.0,0.35,0.1,0.2,1,1,0,0,0,1,32,4.638540267944336,0.0,4.638540267944336,7.158488388521126,6.339069332054001,5.685591803656684,5.3518150060821394,4.9506857207650015,experiments/runs/iclr26_phase1_protocol_lock/dclm/dclm_matrix_policy_as4.0_gg0.35_lr0.0002_wd0.03_phase1_protocol_lock/rlb_fused_fixed_strong_ffn.jsonl
dclm,RLB+MatrixPolicy,RLB+MatrixPolicy lr=0.0002 wd=0.03 as=4 gg=0.2,rlb_fused_fixed_strong_ffn,rational_matrix_policy_onpolicy,0.0002,3e-05,0.03,0.9,0.95,,,,,,,,,,,,0.95,5,4.0,0.2,0.1,0.2,1,1,0,0,0,1,32,4.638530731201172,0.0,4.638530731201172,7.158544499232587,6.339145110460943,5.685592686927116,5.351849849924953,4.868302127820521,experiments/runs/iclr26_phase1_protocol_lock/dclm/dclm_matrix_policy_as4.0_gg0.20_lr0.0002_wd0.03_phase1_protocol_lock/rlb_fused_fixed_strong_ffn.jsonl
dclm,RLB+MatrixPolicy,RLB+MatrixPolicy lr=0.0002 wd=0.1 as=2 gg=0.35,rlb_fused_fixed_strong_ffn,rational_matrix_policy_onpolicy,0.0002,3e-05,0.1,0.9,0.95,,,,,,,,,,,,0.95,5,2.0,0.35,0.1,0.2,1,1,0,0,0,1,32,4.644585609436035,0.0,4.644585609436035,7.16639616403235,6.34046488630031,5.685693874015464,5.353610679859251,4.31494808650643,experiments/runs/iclr26_phase1_protocol_lock/dclm/dclm_matrix_policy_as2.0_gg0.35_lr0.0002_wd0.10_phase1_protocol_lock/rlb_fused_fixed_strong_ffn.jsonl
dclm,RLB+MatrixPolicy,RLB+MatrixPolicy lr=0.0002 wd=0.1 as=2 gg=0.2,rlb_fused_fixed_strong_ffn,rational_matrix_policy_onpolicy,0.0002,3e-05,0.1,0.9,0.95,,,,,,,,,,,,0.95,5,2.0,0.2,0.1,0.2,1,1,0,0,0,1,32,4.644352912902832,0.0,4.644352912902832,7.1665610520236465,6.340624663060557,5.68584737978182,5.353717820537998,4.96378452224367,experiments/runs/iclr26_phase1_protocol_lock/dclm/dclm_matrix_policy_as2.0_gg0.20_lr0.0002_wd0.10_phase1_protocol_lock/rlb_fused_fixed_strong_ffn.jsonl
dclm,RLB+MatrixPolicy,RLB+MatrixPolicy lr=0.0002 wd=0.03 as=2 gg=0.35,rlb_fused_fixed_strong_ffn,rational_matrix_policy_onpolicy,0.0002,3e-05,0.03,0.9,0.95,,,,,,,,,,,,0.95,5,2.0,0.35,0.1,0.2,1,1,0,0,0,1,32,4.6476945877075195,0.0,4.6476945877075195,7.166177178961206,6.340449427793882,5.6856338269001725,5.35415549071755,2.9263090994211542,experiments/runs/iclr26_phase1_protocol_lock/dclm/dclm_matrix_policy_as2.0_gg0.35_lr0.0002_wd0.03_phase1_protocol_lock/rlb_fused_fixed_strong_ffn.jsonl
dclm,RLB+MatrixPolicy,RLB+MatrixPolicy lr=0.0002 wd=0.03 as=2 gg=0.2,rlb_fused_fixed_strong_ffn,rational_matrix_policy_onpolicy,0.0002,3e-05,0.03,0.9,0.95,,,,,,,,,,,,0.95,5,2.0,0.2,0.1,0.2,1,1,0,0,0,1,32,4.647768497467041,0.0,4.647768497467041,7.166248461328836,6.340510057781884,5.685683335389222,5.354206298749278,3.2424259198105574,experiments/runs/iclr26_phase1_protocol_lock/dclm/dclm_matrix_policy_as2.0_gg0.20_lr0.0002_wd0.03_phase1_protocol_lock/rlb_fused_fixed_strong_ffn.jsonl
dclm,RLB+AdamW,RLB+AdamW lr=0.0001 wd=0.1,rlb_fused_fixed_strong_ffn,adamw,0.0001,3e-05,0.1,0.9,0.95,,,,,,,,,,,,,,,,,,1,1,0,0,0,1,32,5.077939033508301,0.0,5.077939033508301,7.594937039187634,6.741528174681272,6.0735460458933055,5.75361809173594,0.8859236398195112,experiments/runs/iclr26_phase1_protocol_lock/dclm/dclm_adamw_lr0.0001_wd0.10_phase1_protocol_lock/rlb_fused_fixed_strong_ffn.jsonl
dclm,RLB+AdamW,RLB+AdamW lr=0.0001 wd=0.03,rlb_fused_fixed_strong_ffn,adamw,0.0001,3e-05,0.03,0.9,0.95,,,,,,,,,,,,,,,,,,1,1,0,0,0,1,32,5.078359603881836,0.0,5.078359603881836,7.5970616953439984,6.743295077092662,6.074599885129117,5.754447081583378,0.891858332811707,experiments/runs/iclr26_phase1_protocol_lock/dclm/dclm_adamw_lr0.0001_wd0.03_phase1_protocol_lock/rlb_fused_fixed_strong_ffn.jsonl
dclm,RLB+AdamW,RLB+AdamW lr=0.0001 wd=0.2,rlb_fused_fixed_strong_ffn,adamw,0.0001,3e-05,0.2,0.9,0.95,,,,,,,,,,,,,,,,,,1,1,0,0,0,1,32,5.078014373779297,0.0,5.078014373779297,7.598369755419383,6.7443616605235,6.075093908949538,5.754648401981264,0.8948308760111869,experiments/runs/iclr26_phase1_protocol_lock/dclm/dclm_adamw_lr0.0001_wd0.20_phase1_protocol_lock/rlb_fused_fixed_strong_ffn.jsonl
dclm,SiLU+AdamW,SiLU+AdamW lr=0.0001 wd=0.1,silu,adamw,0.0001,3e-05,0.1,0.9,0.95,,,,,,,,,,,,,,,,,,1,1,0,0,0,1,32,5.076859951019287,0.0,5.076859951019287,7.673606769148126,6.7844746117601415,6.092788400354089,5.765555251771071,0.7316113350640846,experiments/runs/iclr26_phase1_protocol_lock/dclm/dclm_adamw_lr0.0001_wd0.10_phase1_protocol_lock/silu.jsonl
dclm,SiLU+AdamW,SiLU+AdamW lr=0.0001 wd=0.03,silu,adamw,0.0001,3e-05,0.03,0.9,0.95,,,,,,,,,,,,,,,,,,1,1,0,0,0,1,32,5.077362537384033,0.0,5.077362537384033,7.6755378121831805,6.785433826561204,6.093369696830009,5.766011171922909,0.7285794666966467,experiments/runs/iclr26_phase1_protocol_lock/dclm/dclm_adamw_lr0.0001_wd0.03_phase1_protocol_lock/silu.jsonl
dclm,SiLU+AdamW,SiLU+AdamW lr=0.0001 wd=0.2,silu,adamw,0.0001,3e-05,0.2,0.9,0.95,,,,,,,,,,,,,,,,,,1,1,0,0,0,1,32,5.0768327713012695,0.0,5.0768327713012695,7.675990298091168,6.785756823056207,6.093596628359011,5.766079301596314,0.7332831631926016,experiments/runs/iclr26_phase1_protocol_lock/dclm/dclm_adamw_lr0.0001_wd0.20_phase1_protocol_lock/silu.jsonl
dclm,RLB+MatrixPolicy,RLB+MatrixPolicy lr=0.0002 wd=0.1 as=4 gg=0.2,rlb_fused_fixed_strong_ffn,rational_matrix_policy_onpolicy,0.0002,3e-05,0.1,0.9,0.95,,,,,,,,,,,,0.95,5,4.0,0.2,0.1,0.2,1,0,1,0,0,1,18,4.935619354248047,0.0,4.935619354248047,7.158874688857051,6.339411548717705,5.827774650216524,5.827774650216524,,experiments/runs/iclr26_phase1_protocol_lock/dclm/dclm_matrix_policy_as4.0_gg0.20_lr0.0002_wd0.10_phase1_protocol_lock/rlb_fused_fixed_strong_ffn.jsonl
fineweb_edu,SiLU+AdamW,SiLU+AdamW lr=0.0001 wd=0.03,silu,adamw,0.0001,3e-05,0.03,0.9,0.95,,,,,,,,,,,,,,,,,,1,1,0,0,0,1,32,5.071485996246338,0.0,5.071485996246338,7.823262764268132,6.942445999634767,6.207653038017265,5.844844112558941,1.3937619758025808,experiments/runs/iclr26_phase1_protocol_lock/fineweb_edu/fineweb_edu_adamw_lr0.0001_wd0.03_phase1_protocol_lock/silu.jsonl
fineweb_edu,RLB+AdamW,RLB+AdamW lr=0.0001 wd=0.03,rlb_fused_fixed_strong_ffn,adamw,0.0001,3e-05,0.03,0.9,0.95,,,,,,,,,,,,,,,,,,1,0,1,0,0,1,2,8.832563400268555,0.0,8.832563400268555,9.949679374694824,9.949679374694824,9.949679374694824,9.949679374694824,,experiments/runs/iclr26_phase1_protocol_lock/fineweb_edu/fineweb_edu_adamw_lr0.0001_wd0.03_phase1_protocol_lock/rlb_fused_fixed_strong_ffn.jsonl
